ccu_code,regime,mapping_code,candidate_rank,hs6_code,national_tariff_code,tariff_description,duty_rate,sst_rate,verification_status,effective_from,effective_to,source_code,locator_type,locator_value
CCU-BRAKE-FRICTION-PAD-LINING,ACFTA,MAP-MY-ACFTA-2026-BRAKE-FRICTION-PAD-LINING-6813810000,1,681381,6813810000,- - Brake linings and pads,0E-8,0.1,VERIFIED,2026-01-01,,SRC-MY-JKDM-ACFTA-681381-RATE2026-P1-60,PORTAL_QUERY,POST hsType=ACFTA; hsCriteria=1; hsKeyword=681381; find_item=yes
CCU-BRAKE-FRICTION-PAD-LINING,MFN,MAP-MY-PDK2025-MFN-BRAKE-FRICTION-PAD-LINING-6813810000,1,681381,6813810000,- - Brake linings and pads,0.30000000,0.1,VERIFIED,2025-11-01,,SRC-MY-JKDM-PDK2025-681381-P1-60-20260729,PORTAL_QUERY,POST hsType=PDK; hsCriteria=1; hsKeyword=681381; find_item=yes
CCU-BRAKE-FRICTION-PAD-LINING,RCEP,MAP-MY-RCEP-2026-BRAKE-FRICTION-PAD-LINING-6813810000,1,681381,6813810000,- - Brake linings and pads,0.30000000,0.1,VERIFIED,2026-01-01,,SRC-MY-JKDM-RCEP-681381-RATE2026-P1-60,PORTAL_QUERY,POST hsType=RCEP; hsCriteria=1; hsKeyword=681381; find_item=yes
CCU-BRAKE-HOSE-ASSEMBLY,ACFTA,MAP-MY-ACFTA-2026-BRAKE-HOSE-ASSEMBLY-4009329000,1,400932,4009329000,- - - Other,0.05000000,0.1,VERIFIED,2026-01-01,,SRC-MY-JKDM-ACFTA-400932-RATE2026-P1-60,PORTAL_QUERY,POST hsType=ACFTA; hsCriteria=1; hsKeyword=400932; find_item=yes
CCU-BRAKE-HOSE-ASSEMBLY,MFN,MAP-MY-PDK2025-MFN-BRAKE-HOSE-ASSEMBLY-4009329000,1,400932,4009329000,- - - Other,0.30000000,0.1,VERIFIED,2025-11-01,,SRC-MY-JKDM-PDK2025-400932-P1-60-20260729,PORTAL_QUERY,POST hsType=PDK; hsCriteria=1; hsKeyword=400932; find_item=yes
CCU-BRAKE-HOSE-ASSEMBLY,RCEP,MAP-MY-RCEP-2026-BRAKE-HOSE-ASSEMBLY-4009329000,1,400932,4009329000,- - - Other,0.30000000,0.1,VERIFIED,2026-01-01,,SRC-MY-JKDM-RCEP-400932-RATE2026-P1-60,PORTAL_QUERY,POST hsType=RCEP; hsCriteria=1; hsKeyword=400932; find_item=yes
CCU-BRAKE-MASTER-CYLINDER,ACFTA,MAP-MY-ACFTA-2026-BRAKE-MASTER-CYLINDER-8708302900,1,870830,8708302900,- - - Other,0E-8,0.1,CANDIDATE,2026-01-01,,SRC-MY-JKDM-ACFTA-870830-RATE2026-P1-60,PORTAL_QUERY,POST hsType=ACFTA; hsCriteria=1; hsKeyword=870830; find_item=yes
CCU-BRAKE-MASTER-CYLINDER,ACFTA,MAP-MY-ACFTA-2026-BRAKE-MASTER-CYLINDER-8708309000,1,870830,8708309000,- - Other,0E-8,0.1,CANDIDATE,2026-01-01,,SRC-MY-JKDM-ACFTA-870830-RATE2026-P1-60,PORTAL_QUERY,POST hsType=ACFTA; hsCriteria=1; hsKeyword=870830; find_item=yes
CCU-BRAKE-MASTER-CYLINDER,MFN,MAP-MY-PDK2025-MFN-BRAKE-MASTER-CYLINDER-8708302900,1,870830,8708302900,- - - Other,0.30000000,0.1,CANDIDATE,2025-11-01,,SRC-MY-JKDM-PDK2025-870830-P1-60-20260729,PORTAL_QUERY,POST hsType=PDK; hsCriteria=1; hsKeyword=870830; find_item=yes
CCU-BRAKE-MASTER-CYLINDER,MFN,MAP-MY-PDK2025-MFN-BRAKE-MASTER-CYLINDER-8708309000,1,870830,8708309000,- - Other,0.30000000,0.1,CANDIDATE,2025-11-01,,SRC-MY-JKDM-PDK2025-870830-P1-60-20260729,PORTAL_QUERY,POST hsType=PDK; hsCriteria=1; hsKeyword=870830; find_item=yes
CCU-BRAKE-MASTER-CYLINDER,RCEP,MAP-MY-RCEP-2026-BRAKE-MASTER-CYLINDER-8708302900,1,870830,8708302900,- - - Other,0.27300000,0.1,CANDIDATE,2026-01-01,,SRC-MY-JKDM-RCEP-870830-RATE2026-P1-60,PORTAL_QUERY,POST hsType=RCEP; hsCriteria=1; hsKeyword=870830; find_item=yes
CCU-BRAKE-MASTER-CYLINDER,RCEP,MAP-MY-RCEP-2026-BRAKE-MASTER-CYLINDER-8708309000,1,870830,8708309000,- - Other,0.27300000,0.1,CANDIDATE,2026-01-01,,SRC-MY-JKDM-RCEP-870830-RATE2026-P1-60,PORTAL_QUERY,POST hsType=RCEP; hsCriteria=1; hsKeyword=870830; find_item=yes
CCU-CATALYTIC-CONVERTER,ACFTA,MAP-MY-ACFTA-2026-CATALYTIC-CONVERTER-8421320000,1,842132,8421320000,"- - Catalytic converters or particulate filters, whether or not combined, for purifying or filtering exhaust gases from internal combustion engines",0E-8,0.1,VERIFIED,2026-01-01,,SRC-MY-JKDM-ACFTA-842132-RATE2026-P1-60,PORTAL_QUERY,POST hsType=ACFTA; hsCriteria=1; hsKeyword=842132; find_item=yes
CCU-CATALYTIC-CONVERTER,MFN,MAP-MY-PDK2025-MFN-CATALYTIC-CONVERTER-8421320000,1,842132,8421320000,"- - Catalytic converters or particulate filters, whether or not combined, for purifying or filtering exhaust gases from internal combustion engines",0.05000000,0.1,VERIFIED,2025-11-01,,SRC-MY-JKDM-PDK2025-842132-P1-60-20260729,PORTAL_QUERY,POST hsType=PDK; hsCriteria=1; hsKeyword=842132; find_item=yes
CCU-DC-DC-CONVERTER,ACFTA,MAP-MY-ACFTA-2026-CCU-DC-DC-CONVERTER-8504409000,1,850440,8504409000,Other static converters,0E-8,,CANDIDATE,2026-01-01,,SRC-MY-JKDM-ACFTA-850440-RATE-2026,HS_EXPLORER_RESULT,ACFTA; HS 850440; RATE_2026
CCU-DC-DC-CONVERTER,MFN,MAP-MY-MFN-CCU-DC-DC-CONVERTER-8504409000-R1,1,850440,8504409000,Other static converters,0E-8,0.1,CANDIDATE,2025-11-01,,SRC-MY-JKDM-PDK2025-850440-20260728,PORTAL_POST_QUERY,POST hsType=PDK; hsCriteria=1; hsKeyword=850440; find_item=yes
CCU-DC-DC-CONVERTER,RCEP,MAP-MY-RCEP-2026-CCU-DC-DC-CONVERTER-8504409000,1,850440,8504409000,Other static converters,0E-8,,CANDIDATE,2026-01-01,,SRC-MY-JKDM-RCEP-850440-RATE-2026,HS_EXPLORER_RESULT,RCEP; HS 850440; RATE_2026
CCU-DIESEL-VEHICLE-ENGINE,ACFTA,MAP-MY-ACFTA-2026-DIESEL-VEHICLE-ENGINE-8408202100,1,840820,8408202100,"- - - - Of a cylinder capacity not exceeding 2,000 cc",0E-8,0.1,CANDIDATE,2026-01-01,,SRC-MY-JKDM-ACFTA-840820-RATE2026-P1-60,PORTAL_QUERY,POST hsType=ACFTA; hsCriteria=1; hsKeyword=840820; find_item=yes
CCU-DIESEL-VEHICLE-ENGINE,ACFTA,MAP-MY-ACFTA-2026-DIESEL-VEHICLE-ENGINE-8408202200,1,840820,8408202200,"- - - - Of a cylinder capacity exceeding 2,000 cc but not exceeding 3,500 cc",0E-8,0.1,CANDIDATE,2026-01-01,,SRC-MY-JKDM-ACFTA-840820-RATE2026-P1-60,PORTAL_QUERY,POST hsType=ACFTA; hsCriteria=1; hsKeyword=840820; find_item=yes
CCU-DIESEL-VEHICLE-ENGINE,ACFTA,MAP-MY-ACFTA-2026-DIESEL-VEHICLE-ENGINE-8408202300,1,840820,8408202300,"- - - - Of a cylinder capacity exceeding 3,500 cc",0E-8,0.1,CANDIDATE,2026-01-01,,SRC-MY-JKDM-ACFTA-840820-RATE2026-P1-60,PORTAL_QUERY,POST hsType=ACFTA; hsCriteria=1; hsKeyword=840820; find_item=yes
CCU-DIESEL-VEHICLE-ENGINE,ACFTA,MAP-MY-ACFTA-2026-DIESEL-VEHICLE-ENGINE-8408209400,1,840820,8408209400,"- - - - Of a cylinder capacity not exceeding 2,000 cc",0E-8,0.1,CANDIDATE,2026-01-01,,SRC-MY-JKDM-ACFTA-840820-RATE2026-P1-60,PORTAL_QUERY,POST hsType=ACFTA; hsCriteria=1; hsKeyword=840820; find_item=yes
CCU-DIESEL-VEHICLE-ENGINE,ACFTA,MAP-MY-ACFTA-2026-DIESEL-VEHICLE-ENGINE-8408209500,1,840820,8408209500,"- - - - Of a cylinder capacity exceeding 2,000 cc but not exceeding 3,500 cc",0E-8,0.1,CANDIDATE,2026-01-01,,SRC-MY-JKDM-ACFTA-840820-RATE2026-P1-60,PORTAL_QUERY,POST hsType=ACFTA; hsCriteria=1; hsKeyword=840820; find_item=yes
CCU-DIESEL-VEHICLE-ENGINE,ACFTA,MAP-MY-ACFTA-2026-DIESEL-VEHICLE-ENGINE-8408209600,1,840820,8408209600,"- - - - Of a cylinder capacity exceeding 3,500 cc",0E-8,0.1,CANDIDATE,2026-01-01,,SRC-MY-JKDM-ACFTA-840820-RATE2026-P1-60,PORTAL_QUERY,POST hsType=ACFTA; hsCriteria=1; hsKeyword=840820; find_item=yes
CCU-DIESEL-VEHICLE-ENGINE,MFN,MAP-MY-PDK2025-MFN-DIESEL-VEHICLE-ENGINE-8408202100,1,840820,8408202100,"- - - - Of a cylinder capacity not exceeding 2,000 cc",0E-8,0.1,CANDIDATE,2025-11-01,,SRC-MY-JKDM-PDK2025-840820-P1-60-20260729,PORTAL_QUERY,POST hsType=PDK; hsCriteria=1; hsKeyword=840820; find_item=yes
CCU-DIESEL-VEHICLE-ENGINE,MFN,MAP-MY-PDK2025-MFN-DIESEL-VEHICLE-ENGINE-8408202200,1,840820,8408202200,"- - - - Of a cylinder capacity exceeding 2,000 cc but not exceeding 3,500 cc",0E-8,0.1,CANDIDATE,2025-11-01,,SRC-MY-JKDM-PDK2025-840820-P1-60-20260729,PORTAL_QUERY,POST hsType=PDK; hsCriteria=1; hsKeyword=840820; find_item=yes
CCU-DIESEL-VEHICLE-ENGINE,MFN,MAP-MY-PDK2025-MFN-DIESEL-VEHICLE-ENGINE-8408202300,1,840820,8408202300,"- - - - Of a cylinder capacity exceeding 3,500 cc",0E-8,0.1,CANDIDATE,2025-11-01,,SRC-MY-JKDM-PDK2025-840820-P1-60-20260729,PORTAL_QUERY,POST hsType=PDK; hsCriteria=1; hsKeyword=840820; find_item=yes
CCU-DIESEL-VEHICLE-ENGINE,MFN,MAP-MY-PDK2025-MFN-DIESEL-VEHICLE-ENGINE-8408209400,1,840820,8408209400,"- - - - Of a cylinder capacity not exceeding 2,000 cc",0E-8,0.1,CANDIDATE,2025-11-01,,SRC-MY-JKDM-PDK2025-840820-P1-60-20260729,PORTAL_QUERY,POST hsType=PDK; hsCriteria=1; hsKeyword=840820; find_item=yes
CCU-DIESEL-VEHICLE-ENGINE,MFN,MAP-MY-PDK2025-MFN-DIESEL-VEHICLE-ENGINE-8408209500,1,840820,8408209500,"- - - - Of a cylinder capacity exceeding 2,000 cc but not exceeding 3,500 cc",0E-8,0.1,CANDIDATE,2025-11-01,,SRC-MY-JKDM-PDK2025-840820-P1-60-20260729,PORTAL_QUERY,POST hsType=PDK; hsCriteria=1; hsKeyword=840820; find_item=yes
CCU-DIESEL-VEHICLE-ENGINE,MFN,MAP-MY-PDK2025-MFN-DIESEL-VEHICLE-ENGINE-8408209600,1,840820,8408209600,"- - - - Of a cylinder capacity exceeding 3,500 cc",0E-8,0.1,CANDIDATE,2025-11-01,,SRC-MY-JKDM-PDK2025-840820-P1-60-20260729,PORTAL_QUERY,POST hsType=PDK; hsCriteria=1; hsKeyword=840820; find_item=yes
CCU-DIESEL-VEHICLE-ENGINE,RCEP,MAP-MY-RCEP-2026-DIESEL-VEHICLE-ENGINE-8408202100,1,840820,8408202100,"- - - - Of a cylinder capacity not exceeding 2,00",0E-8,0.1,CANDIDATE,2026-01-01,,SRC-MY-JKDM-RCEP-840820-RATE2026-P1-60,PORTAL_QUERY,POST hsType=RCEP; hsCriteria=1; hsKeyword=840820; find_item=yes
CCU-DIESEL-VEHICLE-ENGINE,RCEP,MAP-MY-RCEP-2026-DIESEL-VEHICLE-ENGINE-8408202200,1,840820,8408202200,"- - - - Of a cylinder capacity exceeding 2,000 cc",0E-8,0.1,CANDIDATE,2026-01-01,,SRC-MY-JKDM-RCEP-840820-RATE2026-P1-60,PORTAL_QUERY,POST hsType=RCEP; hsCriteria=1; hsKeyword=840820; find_item=yes
CCU-DIESEL-VEHICLE-ENGINE,RCEP,MAP-MY-RCEP-2026-DIESEL-VEHICLE-ENGINE-8408202300,1,840820,8408202300,"- - - - Of a cylinder capacity exceeding 3,500 cc",0E-8,0.1,CANDIDATE,2026-01-01,,SRC-MY-JKDM-RCEP-840820-RATE2026-P1-60,PORTAL_QUERY,POST hsType=RCEP; hsCriteria=1; hsKeyword=840820; find_item=yes
CCU-DIESEL-VEHICLE-ENGINE,RCEP,MAP-MY-RCEP-2026-DIESEL-VEHICLE-ENGINE-8408209400,1,840820,8408209400,"- - - - Of a cylinder capacity not exceeding 2,00",0E-8,0.1,CANDIDATE,2026-01-01,,SRC-MY-JKDM-RCEP-840820-RATE2026-P1-60,PORTAL_QUERY,POST hsType=RCEP; hsCriteria=1; hsKeyword=840820; find_item=yes
CCU-DIESEL-VEHICLE-ENGINE,RCEP,MAP-MY-RCEP-2026-DIESEL-VEHICLE-ENGINE-8408209500,1,840820,8408209500,"- - - - Of a cylinder capacity exceeding 2,000 cc",0E-8,0.1,CANDIDATE,2026-01-01,,SRC-MY-JKDM-RCEP-840820-RATE2026-P1-60,PORTAL_QUERY,POST hsType=RCEP; hsCriteria=1; hsKeyword=840820; find_item=yes
CCU-DIESEL-VEHICLE-ENGINE,RCEP,MAP-MY-RCEP-2026-DIESEL-VEHICLE-ENGINE-8408209600,1,840820,8408209600,"- - - - Of a cylinder capacity exceeding 3,500 cc",0E-8,0.1,CANDIDATE,2026-01-01,,SRC-MY-JKDM-RCEP-840820-RATE2026-P1-60,PORTAL_QUERY,POST hsType=RCEP; hsCriteria=1; hsKeyword=840820; find_item=yes
CCU-DRIVE-AXLE-DIFFERENTIAL,ACFTA,MAP-MY-ACFTA-2026-DRIVE-AXLE-DIFFERENTIAL-8708501100,1,870850,8708501100,- - - For vehicles of heading 87.03,0E-8,0.1,CANDIDATE,2026-01-01,,SRC-MY-JKDM-ACFTA-870850-RATE2026-P1-60,PORTAL_QUERY,POST hsType=ACFTA; hsCriteria=1; hsKeyword=870850; find_item=yes
CCU-DRIVE-AXLE-DIFFERENTIAL,ACFTA,MAP-MY-ACFTA-2026-DRIVE-AXLE-DIFFERENTIAL-8708502600,1,870850,8708502600,- - - For vehicles of heading 87.03,0E-8,0.1,CANDIDATE,2026-01-01,,SRC-MY-JKDM-ACFTA-870850-RATE2026-P1-60,PORTAL_QUERY,POST hsType=ACFTA; hsCriteria=1; hsKeyword=870850; find_item=yes
CCU-DRIVE-AXLE-DIFFERENTIAL,MFN,MAP-MY-PDK2025-MFN-8708501100,1,870850,8708501100,For vehicles of heading 87.03,0.25000000,0.1,CANDIDATE,2025-11-01,,SRC-MY-JKDM-PDK2025-870850-20260729,PORTAL_QUERY,POST hsType=PDK; hsCriteria=1; hsKeyword=870850; find_item=yes
CCU-DRIVE-AXLE-DIFFERENTIAL,MFN,MAP-MY-PDK2025-MFN-8708502600,1,870850,8708502600,For vehicles of heading 87.03,0.25000000,0.1,CANDIDATE,2025-11-01,,SRC-MY-JKDM-PDK2025-870850-20260729,PORTAL_QUERY,POST hsType=PDK; hsCriteria=1; hsKeyword=870850; find_item=yes
CCU-DRIVE-AXLE-DIFFERENTIAL,RCEP,MAP-MY-RCEP-2026-DRIVE-AXLE-DIFFERENTIAL-8708501100,1,870850,8708501100,- - - For vehicles of heading 87.03,0.22700000,0.1,CANDIDATE,2026-01-01,,SRC-MY-JKDM-RCEP-870850-RATE2026-P1-60,PORTAL_QUERY,POST hsType=RCEP; hsCriteria=1; hsKeyword=870850; find_item=yes
CCU-DRIVE-AXLE-DIFFERENTIAL,RCEP,MAP-MY-RCEP-2026-DRIVE-AXLE-DIFFERENTIAL-8708502600,1,870850,8708502600,- - - For vehicles of heading 87.03,0.22700000,0.1,CANDIDATE,2026-01-01,,SRC-MY-JKDM-RCEP-870850-RATE2026-P1-60,PORTAL_QUERY,POST hsType=RCEP; hsCriteria=1; hsKeyword=870850; find_item=yes
CCU-ENGINE-FUEL-PUMP,ACFTA,MAP-MY-ACFTA-2026-ENGINE-FUEL-PUMP-8413303000,1,841330,8413303000,"- - Fuel pumps of a kind used for engines of motor vehicles of heading 87.02, 87.03 or 87.04",0E-8,0.05,VERIFIED,2026-01-01,,SRC-MY-JKDM-ACFTA-841330-RATE2026-P1-60,PORTAL_QUERY,POST hsType=ACFTA; hsCriteria=1; hsKeyword=841330; find_item=yes
CCU-ENGINE-FUEL-PUMP,MFN,MAP-MY-PDK2025-MFN-ENGINE-FUEL-PUMP-8413303000,1,841330,8413303000,"- - Fuel pumps of a kind used for engines of motor vehicles of heading 87.02, 87.03 or 87.04",0E-8,0.05,VERIFIED,2025-11-01,,SRC-MY-JKDM-PDK2025-841330-P1-60-20260729,PORTAL_QUERY,POST hsType=PDK; hsCriteria=1; hsKeyword=841330; find_item=yes
CCU-ENGINE-FUEL-PUMP,RCEP,MAP-MY-RCEP-2026-ENGINE-FUEL-PUMP-8413303000,1,841330,8413303000,- - Fuel pumps of a kind used for engines of motor,0E-8,0.05,VERIFIED,2026-01-01,,SRC-MY-JKDM-RCEP-841330-RATE2026-P1-60,PORTAL_QUERY,POST hsType=RCEP; hsCriteria=1; hsKeyword=841330; find_item=yes
CCU-ENGINE-INTAKE-AIR-FILTER,ACFTA,MAP-MY-ACFTA-2026-ENGINE-INTAKE-AIR-FILTER-8421312000,1,842131,8421312000,- - - For motor vehicles of Chapter 87,0E-8,0.1,VERIFIED,2026-01-01,,SRC-MY-JKDM-ACFTA-842131-RATE2026-P1-60,PORTAL_QUERY,POST hsType=ACFTA; hsCriteria=1; hsKeyword=842131; find_item=yes
CCU-ENGINE-INTAKE-AIR-FILTER,MFN,MAP-MY-PDK2025-MFN-ENGINE-INTAKE-AIR-FILTER-8421312000,1,842131,8421312000,- - - For motor vehicles of Chapter 87,0.25000000,0.1,VERIFIED,2025-11-01,,SRC-MY-JKDM-PDK2025-842131-P1-60-20260729,PORTAL_QUERY,POST hsType=PDK; hsCriteria=1; hsKeyword=842131; find_item=yes
CCU-ENGINE-INTAKE-AIR-FILTER,RCEP,MAP-MY-RCEP-2026-ENGINE-INTAKE-AIR-FILTER-8421312000,1,842131,8421312000,- - - For motor vehicles of Chapter 87,0.12500000,0.1,VERIFIED,2026-01-01,,SRC-MY-JKDM-RCEP-842131-RATE2026-P1-60,PORTAL_QUERY,POST hsType=RCEP; hsCriteria=1; hsKeyword=842131; find_item=yes
CCU-ENGINE-OIL-FILTER,ACFTA,MAP-MY-ACFTA-2026-ENGINE-OIL-FILTER-8421231100,1,842123,8421231100,- - - - Oil filters,0E-8,0.1,CANDIDATE,2026-01-01,,SRC-MY-JKDM-ACFTA-842123-RATE2026-P1-60,PORTAL_QUERY,POST hsType=ACFTA; hsCriteria=1; hsKeyword=842123; find_item=yes
CCU-ENGINE-OIL-FILTER,ACFTA,MAP-MY-ACFTA-2026-ENGINE-OIL-FILTER-8421232100,1,842123,8421232100,- - - - Oil filters,0E-8,0.1,CANDIDATE,2026-01-01,,SRC-MY-JKDM-ACFTA-842123-RATE2026-P1-60,PORTAL_QUERY,POST hsType=ACFTA; hsCriteria=1; hsKeyword=842123; find_item=yes
CCU-ENGINE-OIL-FILTER,ACFTA,MAP-MY-ACFTA-2026-ENGINE-OIL-FILTER-8421239100,1,842123,8421239100,- - - - Oil filters,0E-8,0.1,CANDIDATE,2026-01-01,,SRC-MY-JKDM-ACFTA-842123-RATE2026-P1-60,PORTAL_QUERY,POST hsType=ACFTA; hsCriteria=1; hsKeyword=842123; find_item=yes
CCU-ENGINE-OIL-FILTER,MFN,MAP-MY-PDK2025-MFN-ENGINE-OIL-FILTER-8421231100,1,842123,8421231100,- - - - Oil filters,0.25000000,0.1,CANDIDATE,2025-11-01,,SRC-MY-JKDM-PDK2025-842123-P1-60-20260729,PORTAL_QUERY,POST hsType=PDK; hsCriteria=1; hsKeyword=842123; find_item=yes
CCU-ENGINE-OIL-FILTER,MFN,MAP-MY-PDK2025-MFN-ENGINE-OIL-FILTER-8421232100,1,842123,8421232100,- - - - Oil filters,0.25000000,0.1,CANDIDATE,2025-11-01,,SRC-MY-JKDM-PDK2025-842123-P1-60-20260729,PORTAL_QUERY,POST hsType=PDK; hsCriteria=1; hsKeyword=842123; find_item=yes
CCU-ENGINE-OIL-FILTER,MFN,MAP-MY-PDK2025-MFN-ENGINE-OIL-FILTER-8421239100,1,842123,8421239100,- - - - Oil filters,0.25000000,0.1,CANDIDATE,2025-11-01,,SRC-MY-JKDM-PDK2025-842123-P1-60-20260729,PORTAL_QUERY,POST hsType=PDK; hsCriteria=1; hsKeyword=842123; find_item=yes
CCU-ENGINE-OIL-FILTER,RCEP,MAP-MY-RCEP-2026-ENGINE-OIL-FILTER-8421231100,1,842123,8421231100,- - - - Oil filters,0.12500000,0.1,CANDIDATE,2026-01-01,,SRC-MY-JKDM-RCEP-842123-RATE2026-P1-60,PORTAL_QUERY,POST hsType=RCEP; hsCriteria=1; hsKeyword=842123; find_item=yes
CCU-ENGINE-OIL-FILTER,RCEP,MAP-MY-RCEP-2026-ENGINE-OIL-FILTER-8421232100,1,842123,8421232100,- - - - Oil filters,0.12500000,0.1,CANDIDATE,2026-01-01,,SRC-MY-JKDM-RCEP-842123-RATE2026-P1-60,PORTAL_QUERY,POST hsType=RCEP; hsCriteria=1; hsKeyword=842123; find_item=yes
CCU-ENGINE-OIL-FILTER,RCEP,MAP-MY-RCEP-2026-ENGINE-OIL-FILTER-8421239100,1,842123,8421239100,- - - - Oil filters,0.12500000,0.1,CANDIDATE,2026-01-01,,SRC-MY-JKDM-RCEP-842123-RATE2026-P1-60,PORTAL_QUERY,POST hsType=RCEP; hsCriteria=1; hsKeyword=842123; find_item=yes
CCU-EXHAUST-SILENCER-PIPE,ACFTA,MAP-MY-ACFTA-2026-EXHAUST-SILENCER-PIPE-8708922000,1,870892,8708922000,- - - For vehicles of heading 87.03,0E-8,0.1,CANDIDATE,2026-01-01,,SRC-MY-JKDM-ACFTA-870892-RATE2026-P1-60,PORTAL_QUERY,POST hsType=ACFTA; hsCriteria=1; hsKeyword=870892; find_item=yes
CCU-EXHAUST-SILENCER-PIPE,ACFTA,MAP-MY-ACFTA-2026-EXHAUST-SILENCER-PIPE-8708925100,1,870892,8708925100,- - - - Silencers (mufflers) and exhaust pipes,0E-8,0.1,CANDIDATE,2026-01-01,,SRC-MY-JKDM-ACFTA-870892-RATE2026-P1-60,PORTAL_QUERY,POST hsType=ACFTA; hsCriteria=1; hsKeyword=870892; find_item=yes
CCU-EXHAUST-SILENCER-PIPE,ACFTA,MAP-MY-ACFTA-2026-EXHAUST-SILENCER-PIPE-8708926100,1,870892,8708926100,- - - - Silencers (mufflers) and exhaust pipes,0E-8,0.1,CANDIDATE,2026-01-01,,SRC-MY-JKDM-ACFTA-870892-RATE2026-P1-60,PORTAL_QUERY,POST hsType=ACFTA; hsCriteria=1; hsKeyword=870892; find_item=yes
CCU-EXHAUST-SILENCER-PIPE,MFN,MAP-MY-PDK2025-MFN-EXHAUST-SILENCER-PIPE-8708922000,1,870892,8708922000,- - - For vehicles of heading 87.03,0.25000000,0.1,CANDIDATE,2025-11-01,,SRC-MY-JKDM-PDK2025-870892-P1-60-20260729,PORTAL_QUERY,POST hsType=PDK; hsCriteria=1; hsKeyword=870892; find_item=yes
CCU-EXHAUST-SILENCER-PIPE,MFN,MAP-MY-PDK2025-MFN-EXHAUST-SILENCER-PIPE-8708925100,1,870892,8708925100,- - - - Silencers (mufflers) and exhaust pipes,0.25000000,0.1,CANDIDATE,2025-11-01,,SRC-MY-JKDM-PDK2025-870892-P1-60-20260729,PORTAL_QUERY,POST hsType=PDK; hsCriteria=1; hsKeyword=870892; find_item=yes
CCU-EXHAUST-SILENCER-PIPE,MFN,MAP-MY-PDK2025-MFN-EXHAUST-SILENCER-PIPE-8708926100,1,870892,8708926100,- - - - Silencers (mufflers) and exhaust pipes,0.25000000,0.1,CANDIDATE,2025-11-01,,SRC-MY-JKDM-PDK2025-870892-P1-60-20260729,PORTAL_QUERY,POST hsType=PDK; hsCriteria=1; hsKeyword=870892; find_item=yes
CCU-EXHAUST-SILENCER-PIPE,RCEP,MAP-MY-RCEP-2026-EXHAUST-SILENCER-PIPE-8708922000,1,870892,8708922000,- - - For vehicles of heading 87.03,0.22700000,0.1,CANDIDATE,2026-01-01,,SRC-MY-JKDM-RCEP-870892-RATE2026-P1-60,PORTAL_QUERY,POST hsType=RCEP; hsCriteria=1; hsKeyword=870892; find_item=yes
CCU-EXHAUST-SILENCER-PIPE,RCEP,MAP-MY-RCEP-2026-EXHAUST-SILENCER-PIPE-8708925100,1,870892,8708925100,- - - - Silencers (mufflers) and exhaust pipes,0.22700000,0.1,CANDIDATE,2026-01-01,,SRC-MY-JKDM-RCEP-870892-RATE2026-P1-60,PORTAL_QUERY,POST hsType=RCEP; hsCriteria=1; hsKeyword=870892; find_item=yes
CCU-EXHAUST-SILENCER-PIPE,RCEP,MAP-MY-RCEP-2026-EXHAUST-SILENCER-PIPE-8708926100,1,870892,8708926100,- - - - Silencers (mufflers) and exhaust pipes,0.22700000,0.1,CANDIDATE,2026-01-01,,SRC-MY-JKDM-RCEP-870892-RATE2026-P1-60,PORTAL_QUERY,POST hsType=RCEP; hsCriteria=1; hsKeyword=870892; find_item=yes
CCU-FOUNDATION-BRAKE,ACFTA,MAP-MY-ACFTA-2026-CCU-FOUNDATION-BRAKE-8708302100,1,870830,8708302100,"Brake drums, brake discs or brake pipes - for vehicles of heading 87.03",0E-8,,CANDIDATE,2026-01-01,,SRC-MY-JKDM-ACFTA-870830-RATE-2026,HS_EXPLORER_RESULT,ACFTA; HS 870830; RATE_2026
CCU-FOUNDATION-BRAKE,ACFTA,MAP-MY-ACFTA-2026-CCU-FOUNDATION-BRAKE-8708302900,1,870830,8708302900,"Other brakes, servo-brakes and parts thereof - for vehicles of heading 87.03",0E-8,,CANDIDATE,2026-01-01,,SRC-MY-JKDM-ACFTA-870830-RATE-2026,HS_EXPLORER_RESULT,ACFTA; HS 870830; RATE_2026
CCU-FOUNDATION-BRAKE,MFN,MAP-MY-MFN-CCU-FOUNDATION-BRAKE-8708302100-R1,1,870830,8708302100,"Brake drums, brake discs or brake pipes",0.30000000,0.1,CANDIDATE,2025-11-01,,SRC-MY-JKDM-PDK2025-870830-20260728,PORTAL_POST_QUERY,POST hsType=PDK; hsCriteria=1; hsKeyword=870830; find_item=yes
CCU-FOUNDATION-BRAKE,MFN,MAP-MY-MFN-CCU-FOUNDATION-BRAKE-8708302900-R1,1,870830,8708302900,"Other brakes, servo-brakes and parts thereof",0.30000000,0.1,CANDIDATE,2025-11-01,,SRC-MY-JKDM-PDK2025-870830-20260728,PORTAL_POST_QUERY,POST hsType=PDK; hsCriteria=1; hsKeyword=870830; find_item=yes
CCU-FOUNDATION-BRAKE,RCEP,MAP-MY-RCEP-2026-CCU-FOUNDATION-BRAKE-8708302100,1,870830,8708302100,"Brake drums, brake discs or brake pipes - for vehicles of heading 87.03",0.27300000,,CANDIDATE,2026-01-01,,SRC-MY-JKDM-RCEP-870830-RATE-2026,HS_EXPLORER_RESULT,RCEP; HS 870830; RATE_2026
CCU-FOUNDATION-BRAKE,RCEP,MAP-MY-RCEP-2026-CCU-FOUNDATION-BRAKE-8708302900,1,870830,8708302900,"Other brakes, servo-brakes and parts thereof - for vehicles of heading 87.03",0.27300000,,CANDIDATE,2026-01-01,,SRC-MY-JKDM-RCEP-870830-RATE-2026,HS_EXPLORER_RESULT,RCEP; HS 870830; RATE_2026
CCU-HV-BATTERY-PACK,ACFTA,MAP-MY-ACFTA-2026-8507603300-CN,1,850760,8507603300,Of a kind used for vehicles in Chapter 87,0E-8,,VERIFIED,2026-01-01,,SRC-MY-JKDM-HS-EXPLORER-ACFTA-850760-2026,HS_EXPLORER_RESULT,ACFTA; HS 850760; full HS 8507603300; RATE_2026
CCU-HV-BATTERY-PACK,MFN,MAP-MY-PDK2025-8507603300-MFN,1,850760,8507603300,Of a kind used for vehicles in Chapter 87,0.20000000,0.1,VERIFIED,2025-11-01,,SRC-MY-JKDM-HS-EXPLORER,HS_EXPLORER_RESULT,PDK 2025; 8507.60.3300; tariff result row
CCU-HV-BATTERY-PACK,RCEP,MAP-MY-RCEP-2026-8507609000-CN,1,850760,8507609000,Other lithium-ion accumulators,0.20000000,,VERIFIED,2026-01-01,,SRC-MY-JKDM-HS-EXPLORER-RCEP-850760-2026,HS_EXPLORER_RESULT,RCEP; HS 850760; full HS 8507609000; RATE_2026
CCU-IGNITION-COIL-DISTRIBUTOR,ACFTA,MAP-MY-ACFTA-2026-IGNITION-COIL-DISTRIBUTOR-8511304100,1,851130,8511304100,- - - Unassembled,0E-8,0.1,CANDIDATE,2026-01-01,,SRC-MY-JKDM-ACFTA-851130-RATE2026-P1-60,PORTAL_QUERY,POST hsType=ACFTA; hsCriteria=1; hsKeyword=851130; find_item=yes
CCU-IGNITION-COIL-DISTRIBUTOR,ACFTA,MAP-MY-ACFTA-2026-IGNITION-COIL-DISTRIBUTOR-8511304900,1,851130,8511304900,- - - Other,0E-8,0.1,CANDIDATE,2026-01-01,,SRC-MY-JKDM-ACFTA-851130-RATE2026-P1-60,PORTAL_QUERY,POST hsType=ACFTA; hsCriteria=1; hsKeyword=851130; find_item=yes
CCU-IGNITION-COIL-DISTRIBUTOR,ACFTA,MAP-MY-ACFTA-2026-IGNITION-COIL-DISTRIBUTOR-8511309100,1,851130,8511309100,- - - Unassembled,0E-8,0.1,CANDIDATE,2026-01-01,,SRC-MY-JKDM-ACFTA-851130-RATE2026-P1-60,PORTAL_QUERY,POST hsType=ACFTA; hsCriteria=1; hsKeyword=851130; find_item=yes
CCU-IGNITION-COIL-DISTRIBUTOR,ACFTA,MAP-MY-ACFTA-2026-IGNITION-COIL-DISTRIBUTOR-8511309900,1,851130,8511309900,- - - Other,0E-8,0.1,CANDIDATE,2026-01-01,,SRC-MY-JKDM-ACFTA-851130-RATE2026-P1-60,PORTAL_QUERY,POST hsType=ACFTA; hsCriteria=1; hsKeyword=851130; find_item=yes
CCU-IGNITION-COIL-DISTRIBUTOR,MFN,MAP-MY-PDK2025-MFN-IGNITION-COIL-DISTRIBUTOR-8511304100,1,851130,8511304100,- - - Unassembled,0E-8,0.1,CANDIDATE,2025-11-01,,SRC-MY-JKDM-PDK2025-851130-P1-60-20260729,PORTAL_QUERY,POST hsType=PDK; hsCriteria=1; hsKeyword=851130; find_item=yes
CCU-IGNITION-COIL-DISTRIBUTOR,MFN,MAP-MY-PDK2025-MFN-IGNITION-COIL-DISTRIBUTOR-8511304900,1,851130,8511304900,- - - Other,0E-8,0.1,CANDIDATE,2025-11-01,,SRC-MY-JKDM-PDK2025-851130-P1-60-20260729,PORTAL_QUERY,POST hsType=PDK; hsCriteria=1; hsKeyword=851130; find_item=yes
CCU-IGNITION-COIL-DISTRIBUTOR,MFN,MAP-MY-PDK2025-MFN-IGNITION-COIL-DISTRIBUTOR-8511309100,1,851130,8511309100,- - - Unassembled,0E-8,0.1,CANDIDATE,2025-11-01,,SRC-MY-JKDM-PDK2025-851130-P1-60-20260729,PORTAL_QUERY,POST hsType=PDK; hsCriteria=1; hsKeyword=851130; find_item=yes
CCU-IGNITION-COIL-DISTRIBUTOR,MFN,MAP-MY-PDK2025-MFN-IGNITION-COIL-DISTRIBUTOR-8511309900,1,851130,8511309900,- - - Other,0E-8,0.1,CANDIDATE,2025-11-01,,SRC-MY-JKDM-PDK2025-851130-P1-60-20260729,PORTAL_QUERY,POST hsType=PDK; hsCriteria=1; hsKeyword=851130; find_item=yes
CCU-IGNITION-COIL-DISTRIBUTOR,RCEP,MAP-MY-RCEP-2026-IGNITION-COIL-DISTRIBUTOR-8511304100,1,851130,8511304100,- - - Unassembled,0E-8,0.1,CANDIDATE,2026-01-01,,SRC-MY-JKDM-RCEP-851130-RATE2026-P1-60,PORTAL_QUERY,POST hsType=RCEP; hsCriteria=1; hsKeyword=851130; find_item=yes
CCU-IGNITION-COIL-DISTRIBUTOR,RCEP,MAP-MY-RCEP-2026-IGNITION-COIL-DISTRIBUTOR-8511304900,1,851130,8511304900,- - - Other,0E-8,0.1,CANDIDATE,2026-01-01,,SRC-MY-JKDM-RCEP-851130-RATE2026-P1-60,PORTAL_QUERY,POST hsType=RCEP; hsCriteria=1; hsKeyword=851130; find_item=yes
CCU-IGNITION-COIL-DISTRIBUTOR,RCEP,MAP-MY-RCEP-2026-IGNITION-COIL-DISTRIBUTOR-8511309100,1,851130,8511309100,- - - Unassembled,0E-8,0.1,CANDIDATE,2026-01-01,,SRC-MY-JKDM-RCEP-851130-RATE2026-P1-60,PORTAL_QUERY,POST hsType=RCEP; hsCriteria=1; hsKeyword=851130; find_item=yes
CCU-IGNITION-COIL-DISTRIBUTOR,RCEP,MAP-MY-RCEP-2026-IGNITION-COIL-DISTRIBUTOR-8511309900,1,851130,8511309900,- - - Other,0E-8,0.1,CANDIDATE,2026-01-01,,SRC-MY-JKDM-RCEP-851130-RATE2026-P1-60,PORTAL_QUERY,POST hsType=RCEP; hsCriteria=1; hsKeyword=851130; find_item=yes
CCU-INSTRUMENT-CLUSTER,ACFTA,MAP-MY-ACFTA-2026-INSTRUMENT-CLUSTER-9029201000,1,902920,9029201000,- - Speedometers for motor vehicles,0E-8,0.1,CANDIDATE,2026-01-01,,SRC-MY-JKDM-ACFTA-902920-RATE2026-P1-60,PORTAL_QUERY,POST hsType=ACFTA; hsCriteria=1; hsKeyword=902920; find_item=yes
CCU-INSTRUMENT-CLUSTER,ACFTA,MAP-MY-ACFTA-2026-INSTRUMENT-CLUSTER-9029202000,1,902920,9029202000,- - Tachometers for motor vehicles,0E-8,0.1,CANDIDATE,2026-01-01,,SRC-MY-JKDM-ACFTA-902920-RATE2026-P1-60,PORTAL_QUERY,POST hsType=ACFTA; hsCriteria=1; hsKeyword=902920; find_item=yes
CCU-INSTRUMENT-CLUSTER,ACFTA,MAP-MY-ACFTA-2026-INSTRUMENT-CLUSTER-9029209000,1,902920,9029209000,- - Other,0E-8,0.1,CANDIDATE,2026-01-01,,SRC-MY-JKDM-ACFTA-902920-RATE2026-P1-60,PORTAL_QUERY,POST hsType=ACFTA; hsCriteria=1; hsKeyword=902920; find_item=yes
CCU-INSTRUMENT-CLUSTER,ACFTA,MAP-MY-ACFTA-2026-INSTRUMENT-CLUSTER-8531200000,2,853120,8531200000,- Indicator panels incorporating liquid crystal devices (LCD) or light emitting diodes (LED),0E-8,0.1,CANDIDATE,2026-01-01,,SRC-MY-JKDM-ACFTA-853120-RATE2026-P1-60,PORTAL_QUERY,POST hsType=ACFTA; hsCriteria=1; hsKeyword=853120; find_item=yes
CCU-INSTRUMENT-CLUSTER,MFN,MAP-MY-PDK2025-MFN-INSTRUMENT-CLUSTER-9029201000,1,902920,9029201000,- - Speedometers for motor vehicles,0E-8,0.1,CANDIDATE,2025-11-01,,SRC-MY-JKDM-PDK2025-902920-P1-60-20260729,PORTAL_QUERY,POST hsType=PDK; hsCriteria=1; hsKeyword=902920; find_item=yes
CCU-INSTRUMENT-CLUSTER,MFN,MAP-MY-PDK2025-MFN-INSTRUMENT-CLUSTER-9029202000,1,902920,9029202000,- - Tachometers for motor vehicles,0E-8,0.1,CANDIDATE,2025-11-01,,SRC-MY-JKDM-PDK2025-902920-P1-60-20260729,PORTAL_QUERY,POST hsType=PDK; hsCriteria=1; hsKeyword=902920; find_item=yes
CCU-INSTRUMENT-CLUSTER,MFN,MAP-MY-PDK2025-MFN-INSTRUMENT-CLUSTER-9029209000,1,902920,9029209000,- - Other,0E-8,0.1,CANDIDATE,2025-11-01,,SRC-MY-JKDM-PDK2025-902920-P1-60-20260729,PORTAL_QUERY,POST hsType=PDK; hsCriteria=1; hsKeyword=902920; find_item=yes
CCU-INSTRUMENT-CLUSTER,MFN,MAP-MY-PDK2025-MFN-INSTRUMENT-CLUSTER-8531200000,2,853120,8531200000,- Indicator panels incorporating liquid crystal devices (LCD) or light emitting diodes (LED),0E-8,0.1,CANDIDATE,2025-11-01,,SRC-MY-JKDM-PDK2025-853120-P1-60-20260729,PORTAL_QUERY,POST hsType=PDK; hsCriteria=1; hsKeyword=853120; find_item=yes
CCU-INSTRUMENT-CLUSTER,RCEP,MAP-MY-RCEP-2026-INSTRUMENT-CLUSTER-9029201000,1,902920,9029201000,- - Speedometers for motor vehicles,0E-8,0.1,CANDIDATE,2026-01-01,,SRC-MY-JKDM-RCEP-902920-RATE2026-P1-60,PORTAL_QUERY,POST hsType=RCEP; hsCriteria=1; hsKeyword=902920; find_item=yes
CCU-INSTRUMENT-CLUSTER,RCEP,MAP-MY-RCEP-2026-INSTRUMENT-CLUSTER-9029202000,1,902920,9029202000,- - Tachometers for motor vehicles,0E-8,0.1,CANDIDATE,2026-01-01,,SRC-MY-JKDM-RCEP-902920-RATE2026-P1-60,PORTAL_QUERY,POST hsType=RCEP; hsCriteria=1; hsKeyword=902920; find_item=yes
CCU-INSTRUMENT-CLUSTER,RCEP,MAP-MY-RCEP-2026-INSTRUMENT-CLUSTER-9029209000,1,902920,9029209000,- - Other,0E-8,0.1,CANDIDATE,2026-01-01,,SRC-MY-JKDM-RCEP-902920-RATE2026-P1-60,PORTAL_QUERY,POST hsType=RCEP; hsCriteria=1; hsKeyword=902920; find_item=yes
CCU-INSTRUMENT-CLUSTER,RCEP,MAP-MY-RCEP-2026-INSTRUMENT-CLUSTER-8531200000,2,853120,8531200000,- Indicator panels incorporating liquid crystal de,0E-8,0.1,CANDIDATE,2026-01-01,,SRC-MY-JKDM-RCEP-853120-RATE2026-P1-60,PORTAL_QUERY,POST hsType=RCEP; hsCriteria=1; hsKeyword=853120; find_item=yes
CCU-INSTRUMENT-PANEL-DASHBOARD,ACFTA,MAP-MY-ACFTA-2026-INSTRUMENT-PANEL-DASHBOARD-8708299300,1,870829,8708299300,- - - - - Interior trim fittings; mudguards,0E-8,0.1,CANDIDATE,2026-01-01,,SRC-MY-JKDM-ACFTA-870829-RATE2026-P1-60,PORTAL_QUERY,POST hsType=ACFTA; hsCriteria=1; hsKeyword=870829; find_item=yes
CCU-INSTRUMENT-PANEL-DASHBOARD,ACFTA,MAP-MY-ACFTA-2026-INSTRUMENT-PANEL-DASHBOARD-8708299600,1,870829,8708299600,- - - - - Interior trim fittings; mudguards,0E-8,0.1,CANDIDATE,2026-01-01,,SRC-MY-JKDM-ACFTA-870829-RATE2026-P1-60,PORTAL_QUERY,POST hsType=ACFTA; hsCriteria=1; hsKeyword=870829; find_item=yes
CCU-INSTRUMENT-PANEL-DASHBOARD,MFN,MAP-MY-PDK2025-MFN-INSTRUMENT-PANEL-DASHBOARD-8708299300,1,870829,8708299300,- - - - - Interior trim fittings; mudguards,0.25000000,0.1,CANDIDATE,2025-11-01,,SRC-MY-JKDM-PDK2025-870829-P1-60-20260729,PORTAL_QUERY,POST hsType=PDK; hsCriteria=1; hsKeyword=870829; find_item=yes
CCU-INSTRUMENT-PANEL-DASHBOARD,MFN,MAP-MY-PDK2025-MFN-INSTRUMENT-PANEL-DASHBOARD-8708299600,1,870829,8708299600,- - - - - Interior trim fittings; mudguards,0.25000000,0.1,CANDIDATE,2025-11-01,,SRC-MY-JKDM-PDK2025-870829-P1-60-20260729,PORTAL_QUERY,POST hsType=PDK; hsCriteria=1; hsKeyword=870829; find_item=yes
CCU-INSTRUMENT-PANEL-DASHBOARD,RCEP,MAP-MY-RCEP-2026-INSTRUMENT-PANEL-DASHBOARD-8708299300,1,870829,8708299300,- - - - - Interior trim fittings; mudguards,0.22700000,0.1,CANDIDATE,2026-01-01,,SRC-MY-JKDM-RCEP-870829-RATE2026-P1-60,PORTAL_QUERY,POST hsType=RCEP; hsCriteria=1; hsKeyword=870829; find_item=yes
CCU-INSTRUMENT-PANEL-DASHBOARD,RCEP,MAP-MY-RCEP-2026-INSTRUMENT-PANEL-DASHBOARD-8708299600,1,870829,8708299600,- - - - - Interior trim fittings; mudguards,0.22700000,0.1,CANDIDATE,2026-01-01,,SRC-MY-JKDM-RCEP-870829-RATE2026-P1-60,PORTAL_QUERY,POST hsType=RCEP; hsCriteria=1; hsKeyword=870829; find_item=yes
CCU-LAMINATED-WINDSHIELD,ACFTA,MAP-MY-ACFTA-2026-LAMINATED-WINDSHIELD-7007211000,1,700721,7007211000,- - - Suitable for vehicles of Chapter 87,0.30000000,0.1,VERIFIED,2026-01-01,,SRC-MY-JKDM-ACFTA-700721-RATE2026-P1-60,PORTAL_QUERY,POST hsType=ACFTA; hsCriteria=1; hsKeyword=700721; find_item=yes
CCU-LAMINATED-WINDSHIELD,MFN,MAP-MY-PDK2025-MFN-7007211000,1,700721,7007211000,Suitable for vehicles of Chapter 87,0.30000000,0.1,VERIFIED,2025-11-01,,SRC-MY-JKDM-PDK2025-700721-20260729,PORTAL_QUERY,POST hsType=PDK; hsCriteria=1; hsKeyword=700721; find_item=yes
CCU-LAMINATED-WINDSHIELD,RCEP,MAP-MY-RCEP-2026-LAMINATED-WINDSHIELD-7007211000,1,700721,7007211000,- - - Suitable for vehicles of Chapter 87,0.30000000,0.1,VERIFIED,2026-01-01,,SRC-MY-JKDM-RCEP-700721-RATE2026-P1-60,PORTAL_QUERY,POST hsType=RCEP; hsCriteria=1; hsKeyword=700721; find_item=yes
CCU-MOTOR-VEHICLE-SEAT,ACFTA,MAP-MY-ACFTA-2026-MOTOR-VEHICLE-SEAT-9401201000,1,940120,9401201000,"- - Of a kind used for vehicles of heading 87.02, 87.03 or 87.04",0E-8,0.1,VERIFIED,2026-01-01,,SRC-MY-JKDM-ACFTA-940120-RATE2026-P1-60,PORTAL_QUERY,POST hsType=ACFTA; hsCriteria=1; hsKeyword=940120; find_item=yes
CCU-MOTOR-VEHICLE-SEAT,MFN,MAP-MY-PDK2025-MFN-9401201000,1,940120,9401201000,"Of a kind used for vehicles of heading 87.02, 87.03 or 87.04",0.30000000,0.1,VERIFIED,2025-11-01,,SRC-MY-JKDM-PDK2025-940120-20260729,PORTAL_QUERY,POST hsType=PDK; hsCriteria=1; hsKeyword=940120; find_item=yes
CCU-MOTOR-VEHICLE-SEAT,RCEP,MAP-MY-RCEP-2026-MOTOR-VEHICLE-SEAT-9401201000,1,940120,9401201000,"- - For vehicles of heading 87.02, 87.03 or 87.04",0.23700000,0.1,VERIFIED,2026-01-01,,SRC-MY-JKDM-RCEP-940120-RATE2026-P1-60,PORTAL_QUERY,POST hsType=RCEP; hsCriteria=1; hsKeyword=940120; find_item=yes
CCU-ONBOARD-CHARGER,ACFTA,MAP-MY-ACFTA-2026-CCU-ONBOARD-CHARGER-8504402000,1,850440,8504402000,Battery chargers having a rating exceeding 100 kVA,0E-8,,CANDIDATE,2026-01-01,,SRC-MY-JKDM-ACFTA-850440-RATE-2026,HS_EXPLORER_RESULT,ACFTA; HS 850440; RATE_2026
CCU-ONBOARD-CHARGER,ACFTA,MAP-MY-ACFTA-2026-CCU-ONBOARD-CHARGER-8504403000,1,850440,8504403000,Other rectifiers,0E-8,,CANDIDATE,2026-01-01,,SRC-MY-JKDM-ACFTA-850440-RATE-2026,HS_EXPLORER_RESULT,ACFTA; HS 850440; RATE_2026
CCU-ONBOARD-CHARGER,ACFTA,MAP-MY-ACFTA-2026-CCU-ONBOARD-CHARGER-8504409000,1,850440,8504409000,Other static converters,0E-8,,CANDIDATE,2026-01-01,,SRC-MY-JKDM-ACFTA-850440-RATE-2026,HS_EXPLORER_RESULT,ACFTA; HS 850440; RATE_2026
CCU-ONBOARD-CHARGER,MFN,MAP-MY-MFN-CCU-ONBOARD-CHARGER-8504402000-R1,1,850440,8504402000,Battery chargers having a rating exceeding 100 kVA,0E-8,0.1,CANDIDATE,2025-11-01,,SRC-MY-JKDM-PDK2025-850440-20260728,PORTAL_POST_QUERY,POST hsType=PDK; hsCriteria=1; hsKeyword=850440; find_item=yes
CCU-ONBOARD-CHARGER,MFN,MAP-MY-MFN-CCU-ONBOARD-CHARGER-8504403000-R1,1,850440,8504403000,Other rectifiers,0E-8,0.1,CANDIDATE,2025-11-01,,SRC-MY-JKDM-PDK2025-850440-20260728,PORTAL_POST_QUERY,POST hsType=PDK; hsCriteria=1; hsKeyword=850440; find_item=yes
CCU-ONBOARD-CHARGER,MFN,MAP-MY-MFN-CCU-ONBOARD-CHARGER-8504409000-R1,1,850440,8504409000,Other static converters,0E-8,0.1,CANDIDATE,2025-11-01,,SRC-MY-JKDM-PDK2025-850440-20260728,PORTAL_POST_QUERY,POST hsType=PDK; hsCriteria=1; hsKeyword=850440; find_item=yes
CCU-ONBOARD-CHARGER,RCEP,MAP-MY-RCEP-2026-CCU-ONBOARD-CHARGER-8504402000,1,850440,8504402000,Battery chargers having a rating exceeding 100 kVA,0E-8,,CANDIDATE,2026-01-01,,SRC-MY-JKDM-RCEP-850440-RATE-2026,HS_EXPLORER_RESULT,RCEP; HS 850440; RATE_2026
CCU-ONBOARD-CHARGER,RCEP,MAP-MY-RCEP-2026-CCU-ONBOARD-CHARGER-8504403000,1,850440,8504403000,Other rectifiers,0E-8,,CANDIDATE,2026-01-01,,SRC-MY-JKDM-RCEP-850440-RATE-2026,HS_EXPLORER_RESULT,RCEP; HS 850440; RATE_2026
CCU-ONBOARD-CHARGER,RCEP,MAP-MY-RCEP-2026-CCU-ONBOARD-CHARGER-8504409000,1,850440,8504409000,Other static converters,0E-8,,CANDIDATE,2026-01-01,,SRC-MY-JKDM-RCEP-850440-RATE-2026,HS_EXPLORER_RESULT,RCEP; HS 850440; RATE_2026
CCU-PASSENGER-BODY-SHELL,ACFTA,MAP-MY-ACFTA-2026-CCU-PASSENGER-BODY-SHELL-8707109000,1,870710,8707109000,Other bodies for vehicles of heading 87.03,0E-8,,CANDIDATE,2026-01-01,,SRC-MY-JKDM-ACFTA-870710-RATE-2026,HS_EXPLORER_RESULT,ACFTA; HS 870710; RATE_2026
CCU-PASSENGER-BODY-SHELL,MFN,MAP-MY-MFN-CCU-PASSENGER-BODY-SHELL-8707109000-R1,1,870710,8707109000,Other bodies for vehicles of heading 87.03,0.30000000,0.1,CANDIDATE,2025-11-01,,SRC-MY-JKDM-PDK2025-870710-20260728,PORTAL_POST_QUERY,POST hsType=PDK; hsCriteria=1; hsKeyword=870710; find_item=yes
CCU-PASSENGER-BODY-SHELL,RCEP,MAP-MY-RCEP-2026-CCU-PASSENGER-BODY-SHELL-8707109000,1,870710,8707109000,Other bodies for vehicles of heading 87.03,0.27300000,,CANDIDATE,2026-01-01,,SRC-MY-JKDM-RCEP-870710-RATE-2026,HS_EXPLORER_RESULT,RCEP; HS 870710; RATE_2026
CCU-PASSENGER-CAR-TYRE,ACFTA,MAP-MY-ACFTA-2026-PASSENGER-CAR-TYRE-4011100000,1,401110,4011100000,- Of a kind used on motor cars (including station wagons and racing cars),0.05000000,0.05,VERIFIED,2026-01-01,,SRC-MY-JKDM-ACFTA-401110-RATE2026-P1-60,PORTAL_QUERY,POST hsType=ACFTA; hsCriteria=1; hsKeyword=401110; find_item=yes
CCU-PASSENGER-CAR-TYRE,MFN,MAP-MY-PDK2025-MFN-PASSENGER-CAR-TYRE-4011100000,1,401110,4011100000,- Of a kind used on motor cars (including station wagons and racing cars),0.40000000,0.05,VERIFIED,2025-11-01,,SRC-MY-JKDM-PDK2025-401110-P1-60-20260729,PORTAL_QUERY,POST hsType=PDK; hsCriteria=1; hsKeyword=401110; find_item=yes
CCU-PASSENGER-CAR-TYRE,RCEP,MAP-MY-RCEP-2026-PASSENGER-CAR-TYRE-4011100000,1,401110,4011100000,- Of a kind used on motor cars (including station,0.40000000,0.05,VERIFIED,2026-01-01,,SRC-MY-JKDM-RCEP-401110-RATE2026-P1-60,PORTAL_QUERY,POST hsType=RCEP; hsCriteria=1; hsKeyword=401110; find_item=yes
CCU-POWER-WINDOW-REGULATOR-MOTOR,ACFTA,MAP-MY-ACFTA-2026-POWER-WINDOW-REGULATOR-MOTOR-8708291600,1,870829,8708291600,"- - - - Other, for vehicles of heading 87.03",0E-8,0.1,CANDIDATE,2026-01-01,,SRC-MY-JKDM-ACFTA-870829-RATE2026-P1-60,PORTAL_QUERY,POST hsType=ACFTA; hsCriteria=1; hsKeyword=870829; find_item=yes
CCU-POWER-WINDOW-REGULATOR-MOTOR,ACFTA,MAP-MY-ACFTA-2026-POWER-WINDOW-REGULATOR-MOTOR-8708299500,1,870829,8708299500,- - - - - Other,0E-8,0.1,CANDIDATE,2026-01-01,,SRC-MY-JKDM-ACFTA-870829-RATE2026-P1-60,PORTAL_QUERY,POST hsType=ACFTA; hsCriteria=1; hsKeyword=870829; find_item=yes
CCU-POWER-WINDOW-REGULATOR-MOTOR,ACFTA,MAP-MY-ACFTA-2026-POWER-WINDOW-REGULATOR-MOTOR-8708299800,1,870829,8708299800,- - - - - Other,0E-8,0.1,CANDIDATE,2026-01-01,,SRC-MY-JKDM-ACFTA-870829-RATE2026-P1-60,PORTAL_QUERY,POST hsType=ACFTA; hsCriteria=1; hsKeyword=870829; find_item=yes
CCU-POWER-WINDOW-REGULATOR-MOTOR,ACFTA,MAP-MY-ACFTA-2026-POWER-WINDOW-REGULATOR-MOTOR-8501316000,2,850131,8501316000,- - - Motors of a kind used for vehicles in Chapter 87,0E-8,0.1,CANDIDATE,2026-01-01,,SRC-MY-JKDM-ACFTA-850131-RATE2026-P1-60,PORTAL_QUERY,POST hsType=ACFTA; hsCriteria=1; hsKeyword=850131; find_item=yes
CCU-POWER-WINDOW-REGULATOR-MOTOR,MFN,MAP-MY-PDK2025-MFN-POWER-WINDOW-REGULATOR-MOTOR-8708291600,1,870829,8708291600,"- - - - Other, for vehicles of heading 87.03",0.25000000,0.1,CANDIDATE,2025-11-01,,SRC-MY-JKDM-PDK2025-870829-P1-60-20260729,PORTAL_QUERY,POST hsType=PDK; hsCriteria=1; hsKeyword=870829; find_item=yes
CCU-POWER-WINDOW-REGULATOR-MOTOR,MFN,MAP-MY-PDK2025-MFN-POWER-WINDOW-REGULATOR-MOTOR-8708299500,1,870829,8708299500,- - - - - Other,0.25000000,0.1,CANDIDATE,2025-11-01,,SRC-MY-JKDM-PDK2025-870829-P1-60-20260729,PORTAL_QUERY,POST hsType=PDK; hsCriteria=1; hsKeyword=870829; find_item=yes
CCU-POWER-WINDOW-REGULATOR-MOTOR,MFN,MAP-MY-PDK2025-MFN-POWER-WINDOW-REGULATOR-MOTOR-8708299800,1,870829,8708299800,- - - - - Other,0.25000000,0.1,CANDIDATE,2025-11-01,,SRC-MY-JKDM-PDK2025-870829-P1-60-20260729,PORTAL_QUERY,POST hsType=PDK; hsCriteria=1; hsKeyword=870829; find_item=yes
CCU-POWER-WINDOW-REGULATOR-MOTOR,MFN,MAP-MY-PDK2025-MFN-POWER-WINDOW-REGULATOR-MOTOR-8501316000,2,850131,8501316000,- - - Motors of a kind used for vehicles in Chapter 87,0E-8,0.1,CANDIDATE,2025-11-01,,SRC-MY-JKDM-PDK2025-850131-P1-60-20260729,PORTAL_QUERY,POST hsType=PDK; hsCriteria=1; hsKeyword=850131; find_item=yes
CCU-POWER-WINDOW-REGULATOR-MOTOR,RCEP,MAP-MY-RCEP-2026-POWER-WINDOW-REGULATOR-MOTOR-8708291600,1,870829,8708291600,"- - - - Other, for vehicles of heading 87.03",0.22700000,0.1,CANDIDATE,2026-01-01,,SRC-MY-JKDM-RCEP-870829-RATE2026-P1-60,PORTAL_QUERY,POST hsType=RCEP; hsCriteria=1; hsKeyword=870829; find_item=yes
CCU-POWER-WINDOW-REGULATOR-MOTOR,RCEP,MAP-MY-RCEP-2026-POWER-WINDOW-REGULATOR-MOTOR-8708299500,1,870829,8708299500,- - - - - Other,0.22700000,0.1,CANDIDATE,2026-01-01,,SRC-MY-JKDM-RCEP-870829-RATE2026-P1-60,PORTAL_QUERY,POST hsType=RCEP; hsCriteria=1; hsKeyword=870829; find_item=yes
CCU-POWER-WINDOW-REGULATOR-MOTOR,RCEP,MAP-MY-RCEP-2026-POWER-WINDOW-REGULATOR-MOTOR-8708299800,1,870829,8708299800,- - - - - Other,0.22700000,0.1,CANDIDATE,2026-01-01,,SRC-MY-JKDM-RCEP-870829-RATE2026-P1-60,PORTAL_QUERY,POST hsType=RCEP; hsCriteria=1; hsKeyword=870829; find_item=yes
CCU-PROPELLER-DRIVE-SHAFT,ACFTA,MAP-MY-ACFTA-2026-PROPELLER-DRIVE-SHAFT-8708996200,1,870899,8708996200,- - - - - For vehicles of heading 87.03,0E-8,0.1,CANDIDATE,2026-01-01,,SRC-MY-JKDM-ACFTA-870899-RATE2026-P1-60,PORTAL_QUERY,POST hsType=ACFTA; hsCriteria=1; hsKeyword=870899; find_item=yes
CCU-PROPELLER-DRIVE-SHAFT,MFN,MAP-MY-PDK2025-MFN-PROPELLER-DRIVE-SHAFT-8708996200,1,870899,8708996200,- - - - - For vehicles of heading 87.03,0.30000000,0.1,CANDIDATE,2025-11-01,,SRC-MY-JKDM-PDK2025-870899-P1-60-20260729,PORTAL_QUERY,POST hsType=PDK; hsCriteria=1; hsKeyword=870899; find_item=yes
CCU-PROPELLER-DRIVE-SHAFT,RCEP,MAP-MY-RCEP-2026-PROPELLER-DRIVE-SHAFT-8708996200,1,870899,8708996200,- - - - - For vehicles of heading 87.03,0.27300000,0.1,CANDIDATE,2026-01-01,,SRC-MY-JKDM-RCEP-870899-RATE2026-P1-60,PORTAL_QUERY,POST hsType=RCEP; hsCriteria=1; hsKeyword=870899; find_item=yes
CCU-REAR-VIEW-MIRROR,ACFTA,MAP-MY-ACFTA-2026-REAR-VIEW-MIRROR-7009100000,1,700910,7009100000,- Rear-view mirrors for vehicles,0E-8,0.1,VERIFIED,2026-01-01,,SRC-MY-JKDM-ACFTA-700910-RATE2026-P1-60,PORTAL_QUERY,POST hsType=ACFTA; hsCriteria=1; hsKeyword=700910; find_item=yes
CCU-REAR-VIEW-MIRROR,MFN,MAP-MY-PDK2025-MFN-REAR-VIEW-MIRROR-7009100000,1,700910,7009100000,- Rear-view mirrors for vehicles,0.05000000,0.1,VERIFIED,2025-11-01,,SRC-MY-JKDM-PDK2025-700910-P1-60-20260729,PORTAL_QUERY,POST hsType=PDK; hsCriteria=1; hsKeyword=700910; find_item=yes
CCU-REAR-VIEW-MIRROR,RCEP,MAP-MY-RCEP-2026-REAR-VIEW-MIRROR-7009100000,1,700910,7009100000,- Rear-view mirrors for vehicles,0E-8,0.1,VERIFIED,2026-01-01,,SRC-MY-JKDM-RCEP-700910-RATE2026-P1-60,PORTAL_QUERY,POST hsType=RCEP; hsCriteria=1; hsKeyword=700910; find_item=yes
CCU-ROAD-WHEEL,ACFTA,MAP-MY-ACFTA-2026-CCU-ROAD-WHEEL-8708702200,1,870870,8708702200,Wheels fitted with tyres - for vehicles of heading 87.03,0E-8,,VERIFIED,2026-01-01,,SRC-MY-JKDM-ACFTA-870870-RATE-2026,HS_EXPLORER_RESULT,ACFTA; HS 870870; RATE_2026
CCU-ROAD-WHEEL,ACFTA,MAP-MY-ACFTA-2026-CCU-ROAD-WHEEL-8708703200,1,870870,8708703200,Wheels not fitted with tyres - for vehicles of heading 87.03,0E-8,,VERIFIED,2026-01-01,,SRC-MY-JKDM-ACFTA-870870-RATE-2026,HS_EXPLORER_RESULT,ACFTA; HS 870870; RATE_2026
CCU-ROAD-WHEEL,MFN,MAP-MY-MFN-CCU-ROAD-WHEEL-8708702200-R1,1,870870,8708702200,Wheels fitted with tyres - for vehicles of heading 87.03,0.30000000,0.1,VERIFIED,2025-11-01,,SRC-MY-PDK-2025,PDF_PAGE,"First Schedule, PDF pages 1248-1249, heading 8708.70"
CCU-ROAD-WHEEL,MFN,MAP-MY-MFN-CCU-ROAD-WHEEL-8708703200-R1,1,870870,8708703200,Wheels not fitted with tyres - for vehicles of heading 87.03,0.30000000,0.1,VERIFIED,2025-11-01,,SRC-MY-PDK-2025,PDF_PAGE,"First Schedule, PDF pages 1248-1249, heading 8708.70"
CCU-ROAD-WHEEL,RCEP,MAP-MY-RCEP-2026-CCU-ROAD-WHEEL-8708702200,1,870870,8708702200,Wheels fitted with tyres - for vehicles of heading 87.03,0.27300000,,VERIFIED,2026-01-01,,SRC-MY-JKDM-RCEP-870870-RATE-2026,HS_EXPLORER_RESULT,RCEP; HS 870870; RATE_2026
CCU-ROAD-WHEEL,RCEP,MAP-MY-RCEP-2026-CCU-ROAD-WHEEL-8708703200,1,870870,8708703200,Wheels not fitted with tyres - for vehicles of heading 87.03,0.27300000,,VERIFIED,2026-01-01,,SRC-MY-JKDM-RCEP-870870-RATE-2026,HS_EXPLORER_RESULT,RCEP; HS 870870; RATE_2026
CCU-SAFETY-AIRBAG,ACFTA,MAP-MY-ACFTA-2026-SAFETY-AIRBAG-8708951000,1,870895,8708951000,- - - Safety airbags with inflater system,0E-8,0.1,VERIFIED,2026-01-01,,SRC-MY-JKDM-ACFTA-870895-RATE2026-P1-60,PORTAL_QUERY,POST hsType=ACFTA; hsCriteria=1; hsKeyword=870895; find_item=yes
CCU-SAFETY-AIRBAG,ACFTA,MAP-MY-ACFTA-2026-SAFETY-AIRBAG-8708959000,1,870895,8708959000,- - - Parts,0E-8,0.1,CANDIDATE,2026-01-01,,SRC-MY-JKDM-ACFTA-870895-RATE2026-P1-60,PORTAL_QUERY,POST hsType=ACFTA; hsCriteria=1; hsKeyword=870895; find_item=yes
CCU-SAFETY-AIRBAG,MFN,MAP-MY-PDK2025-MFN-8708951000,1,870895,8708951000,Safety airbags with inflater system,0.30000000,0.1,VERIFIED,2025-11-01,,SRC-MY-JKDM-PDK2025-870895-20260729,PORTAL_QUERY,POST hsType=PDK; hsCriteria=1; hsKeyword=870895; find_item=yes
CCU-SAFETY-AIRBAG,MFN,MAP-MY-PDK2025-MFN-8708959000,1,870895,8708959000,Parts of safety airbags,0.30000000,0.1,CANDIDATE,2025-11-01,,SRC-MY-JKDM-PDK2025-870895-20260729,PORTAL_QUERY,POST hsType=PDK; hsCriteria=1; hsKeyword=870895; find_item=yes
CCU-SAFETY-AIRBAG,RCEP,MAP-MY-RCEP-2026-SAFETY-AIRBAG-8708951000,1,870895,8708951000,- - - Safety airbags with inflater system,0.27300000,0.1,VERIFIED,2026-01-01,,SRC-MY-JKDM-RCEP-870895-RATE2026-P1-60,PORTAL_QUERY,POST hsType=RCEP; hsCriteria=1; hsKeyword=870895; find_item=yes
CCU-SAFETY-AIRBAG,RCEP,MAP-MY-RCEP-2026-SAFETY-AIRBAG-8708959000,1,870895,8708959000,- - - Parts,0.27300000,0.1,CANDIDATE,2026-01-01,,SRC-MY-JKDM-RCEP-870895-RATE2026-P1-60,PORTAL_QUERY,POST hsType=RCEP; hsCriteria=1; hsKeyword=870895; find_item=yes
CCU-SAFETY-SEAT-BELT,ACFTA,MAP-MY-ACFTA-2026-SAFETY-SEAT-BELT-8708210000,1,870821,8708210000,- - Safety seat belts,0E-8,0.1,VERIFIED,2026-01-01,,SRC-MY-JKDM-ACFTA-870821-RATE2026-P1-60,PORTAL_QUERY,POST hsType=ACFTA; hsCriteria=1; hsKeyword=870821; find_item=yes
CCU-SAFETY-SEAT-BELT,MFN,MAP-MY-PDK2025-MFN-8708210000,1,870821,8708210000,Safety seat belts,0.30000000,0.1,VERIFIED,2025-11-01,,SRC-MY-JKDM-PDK2025-870821-20260729,PORTAL_QUERY,POST hsType=PDK; hsCriteria=1; hsKeyword=870821; find_item=yes
CCU-SAFETY-SEAT-BELT,RCEP,MAP-MY-RCEP-2026-SAFETY-SEAT-BELT-8708210000,1,870821,8708210000,- - Safety seat belts,0.27300000,0.1,VERIFIED,2026-01-01,,SRC-MY-JKDM-RCEP-870821-RATE2026-P1-60,PORTAL_QUERY,POST hsType=RCEP; hsCriteria=1; hsKeyword=870821; find_item=yes
CCU-SHOCK-ABSORBER-STRUT,ACFTA,MAP-MY-ACFTA-2026-CCU-SHOCK-ABSORBER-STRUT-8708809200,1,870880,8708809200,Suspension parts - for vehicles of heading 87.03,0E-8,,VERIFIED,2026-01-01,,SRC-MY-JKDM-ACFTA-870880-RATE-2026,HS_EXPLORER_RESULT,ACFTA; HS 870880; RATE_2026
CCU-SHOCK-ABSORBER-STRUT,MFN,MAP-MY-MFN-CCU-SHOCK-ABSORBER-STRUT-8708809200-R1,1,870880,8708809200,Suspension parts - for vehicles of heading 87.03,0.30000000,0.1,VERIFIED,2025-11-01,,SRC-MY-PDK-2025,PDF_PAGE,"First Schedule, PDF pages 1249-1250, heading 8708.80"
CCU-SHOCK-ABSORBER-STRUT,RCEP,MAP-MY-RCEP-2026-CCU-SHOCK-ABSORBER-STRUT-8708809200,1,870880,8708809200,Suspension parts - for vehicles of heading 87.03,0.27300000,,VERIFIED,2026-01-01,,SRC-MY-JKDM-RCEP-870880-RATE-2026,HS_EXPLORER_RESULT,RCEP; HS 870880; RATE_2026
CCU-SPARK-IGNITION-ENGINE,ACFTA,MAP-MY-ACFTA-2026-SPARK-IGNITION-ENGINE-8407347100,1,840734,8407347100,"- - - - - Of a cylinder capacity not exceeding 2,000 cc",0E-8,0.1,CANDIDATE,2026-01-01,,SRC-MY-JKDM-ACFTA-840734-RATE2026-P1-60,PORTAL_QUERY,POST hsType=ACFTA; hsCriteria=1; hsKeyword=840734; find_item=yes
CCU-SPARK-IGNITION-ENGINE,ACFTA,MAP-MY-ACFTA-2026-SPARK-IGNITION-ENGINE-8407347200,1,840734,8407347200,"- - - - - Of a cylinder capacity exceeding 2,000 cc but not exceeding 3,000 cc",0E-8,0.1,CANDIDATE,2026-01-01,,SRC-MY-JKDM-ACFTA-840734-RATE2026-P1-60,PORTAL_QUERY,POST hsType=ACFTA; hsCriteria=1; hsKeyword=840734; find_item=yes
CCU-SPARK-IGNITION-ENGINE,ACFTA,MAP-MY-ACFTA-2026-SPARK-IGNITION-ENGINE-8407347300,1,840734,8407347300,"- - - - - Of a cylinder capacity exceeding 3,000 cc",0E-8,0.1,CANDIDATE,2026-01-01,,SRC-MY-JKDM-ACFTA-840734-RATE2026-P1-60,PORTAL_QUERY,POST hsType=ACFTA; hsCriteria=1; hsKeyword=840734; find_item=yes
CCU-SPARK-IGNITION-ENGINE,ACFTA,MAP-MY-ACFTA-2026-SPARK-IGNITION-ENGINE-8407349400,1,840734,8407349400,"- - - - - Of a cylinder capacity not exceeding 2,000 cc",0E-8,0.1,CANDIDATE,2026-01-01,,SRC-MY-JKDM-ACFTA-840734-RATE2026-P1-60,PORTAL_QUERY,POST hsType=ACFTA; hsCriteria=1; hsKeyword=840734; find_item=yes
CCU-SPARK-IGNITION-ENGINE,ACFTA,MAP-MY-ACFTA-2026-SPARK-IGNITION-ENGINE-8407349500,1,840734,8407349500,"- - - - - Of a cylinder capacity exceeding 2,000 cc but not exceeding 3,000 cc",0E-8,0.1,CANDIDATE,2026-01-01,,SRC-MY-JKDM-ACFTA-840734-RATE2026-P1-60,PORTAL_QUERY,POST hsType=ACFTA; hsCriteria=1; hsKeyword=840734; find_item=yes
CCU-SPARK-IGNITION-ENGINE,ACFTA,MAP-MY-ACFTA-2026-SPARK-IGNITION-ENGINE-8407349900,1,840734,8407349900,"- - - - - Of a cylinder capacity exceeding 3,000 cc",0E-8,0.1,CANDIDATE,2026-01-01,,SRC-MY-JKDM-ACFTA-840734-RATE2026-P1-60,PORTAL_QUERY,POST hsType=ACFTA; hsCriteria=1; hsKeyword=840734; find_item=yes
CCU-SPARK-IGNITION-ENGINE,MFN,MAP-MY-PDK2025-MFN-SPARK-IGNITION-ENGINE-8407347100,1,840734,8407347100,"- - - - - Of a cylinder capacity not exceeding 2,000 cc",0.05000000,0.1,CANDIDATE,2025-11-01,,SRC-MY-JKDM-PDK2025-840734-P1-60-20260729,PORTAL_QUERY,POST hsType=PDK; hsCriteria=1; hsKeyword=840734; find_item=yes
CCU-SPARK-IGNITION-ENGINE,MFN,MAP-MY-PDK2025-MFN-SPARK-IGNITION-ENGINE-8407347200,1,840734,8407347200,"- - - - - Of a cylinder capacity exceeding 2,000 cc but not exceeding 3,000 cc",0.05000000,0.1,CANDIDATE,2025-11-01,,SRC-MY-JKDM-PDK2025-840734-P1-60-20260729,PORTAL_QUERY,POST hsType=PDK; hsCriteria=1; hsKeyword=840734; find_item=yes
CCU-SPARK-IGNITION-ENGINE,MFN,MAP-MY-PDK2025-MFN-SPARK-IGNITION-ENGINE-8407347300,1,840734,8407347300,"- - - - - Of a cylinder capacity exceeding 3,000 cc",0.05000000,0.1,CANDIDATE,2025-11-01,,SRC-MY-JKDM-PDK2025-840734-P1-60-20260729,PORTAL_QUERY,POST hsType=PDK; hsCriteria=1; hsKeyword=840734; find_item=yes
CCU-SPARK-IGNITION-ENGINE,MFN,MAP-MY-PDK2025-MFN-SPARK-IGNITION-ENGINE-8407349400,1,840734,8407349400,"- - - - - Of a cylinder capacity not exceeding 2,000 cc",0.05000000,0.1,CANDIDATE,2025-11-01,,SRC-MY-JKDM-PDK2025-840734-P1-60-20260729,PORTAL_QUERY,POST hsType=PDK; hsCriteria=1; hsKeyword=840734; find_item=yes
CCU-SPARK-IGNITION-ENGINE,MFN,MAP-MY-PDK2025-MFN-SPARK-IGNITION-ENGINE-8407349500,1,840734,8407349500,"- - - - - Of a cylinder capacity exceeding 2,000 cc but not exceeding 3,000 cc",0.05000000,0.1,CANDIDATE,2025-11-01,,SRC-MY-JKDM-PDK2025-840734-P1-60-20260729,PORTAL_QUERY,POST hsType=PDK; hsCriteria=1; hsKeyword=840734; find_item=yes
CCU-SPARK-IGNITION-ENGINE,MFN,MAP-MY-PDK2025-MFN-SPARK-IGNITION-ENGINE-8407349900,1,840734,8407349900,"- - - - - Of a cylinder capacity exceeding 3,000 cc",0.05000000,0.1,CANDIDATE,2025-11-01,,SRC-MY-JKDM-PDK2025-840734-P1-60-20260729,PORTAL_QUERY,POST hsType=PDK; hsCriteria=1; hsKeyword=840734; find_item=yes
CCU-SPARK-IGNITION-ENGINE,RCEP,MAP-MY-RCEP-2026-SPARK-IGNITION-ENGINE-8407347100,1,840734,8407347100,"- - - - - Of a cylinder capacity not exceeding 2,0",0E-8,0.1,CANDIDATE,2026-01-01,,SRC-MY-JKDM-RCEP-840734-RATE2026-P1-60,PORTAL_QUERY,POST hsType=RCEP; hsCriteria=1; hsKeyword=840734; find_item=yes
CCU-SPARK-IGNITION-ENGINE,RCEP,MAP-MY-RCEP-2026-SPARK-IGNITION-ENGINE-8407347200,1,840734,8407347200,"- - - - - Of a cylinder capacity exceeding 2,000 c",0E-8,0.1,CANDIDATE,2026-01-01,,SRC-MY-JKDM-RCEP-840734-RATE2026-P1-60,PORTAL_QUERY,POST hsType=RCEP; hsCriteria=1; hsKeyword=840734; find_item=yes
CCU-SPARK-IGNITION-ENGINE,RCEP,MAP-MY-RCEP-2026-SPARK-IGNITION-ENGINE-8407347300,1,840734,8407347300,"- - - - - Of a cylinder capacity exceeding 3,000 c",0E-8,0.1,CANDIDATE,2026-01-01,,SRC-MY-JKDM-RCEP-840734-RATE2026-P1-60,PORTAL_QUERY,POST hsType=RCEP; hsCriteria=1; hsKeyword=840734; find_item=yes
CCU-SPARK-IGNITION-ENGINE,RCEP,MAP-MY-RCEP-2026-SPARK-IGNITION-ENGINE-8407349400,1,840734,8407349400,"- - - - - Of a cylinder capacity not exceeding 2,0",0E-8,0.1,CANDIDATE,2026-01-01,,SRC-MY-JKDM-RCEP-840734-RATE2026-P1-60,PORTAL_QUERY,POST hsType=RCEP; hsCriteria=1; hsKeyword=840734; find_item=yes
CCU-SPARK-IGNITION-ENGINE,RCEP,MAP-MY-RCEP-2026-SPARK-IGNITION-ENGINE-8407349500,1,840734,8407349500,"- - - - - Of a cylinder capacity exceeding 2,000 c",0E-8,0.1,CANDIDATE,2026-01-01,,SRC-MY-JKDM-RCEP-840734-RATE2026-P1-60,PORTAL_QUERY,POST hsType=RCEP; hsCriteria=1; hsKeyword=840734; find_item=yes
CCU-SPARK-IGNITION-ENGINE,RCEP,MAP-MY-RCEP-2026-SPARK-IGNITION-ENGINE-8407349900,1,840734,8407349900,"- - - - - Of a cylinder capacity exceeding 3,000 c",0E-8,0.1,CANDIDATE,2026-01-01,,SRC-MY-JKDM-RCEP-840734-RATE2026-P1-60,PORTAL_QUERY,POST hsType=RCEP; hsCriteria=1; hsKeyword=840734; find_item=yes
CCU-SPARK-PLUG,ACFTA,MAP-MY-ACFTA-2026-SPARK-PLUG-8511102000,1,851110,8511102000,- - Of a kind suitable for motor vehicle engines,0E-8,0.1,VERIFIED,2026-01-01,,SRC-MY-JKDM-ACFTA-851110-RATE2026-P1-60,PORTAL_QUERY,POST hsType=ACFTA; hsCriteria=1; hsKeyword=851110; find_item=yes
CCU-SPARK-PLUG,MFN,MAP-MY-PDK2025-MFN-SPARK-PLUG-8511102000,1,851110,8511102000,- - Of a kind suitable for motor vehicle engines,0.10000000,0.1,VERIFIED,2025-11-01,,SRC-MY-JKDM-PDK2025-851110-P1-60-20260729,PORTAL_QUERY,POST hsType=PDK; hsCriteria=1; hsKeyword=851110; find_item=yes
CCU-SPARK-PLUG,RCEP,MAP-MY-RCEP-2026-SPARK-PLUG-8511102000,1,851110,8511102000,- - Of a kind suitable for motor vehicle engines,0.05000000,0.1,VERIFIED,2026-01-01,,SRC-MY-JKDM-RCEP-851110-RATE2026-P1-60,PORTAL_QUERY,POST hsType=RCEP; hsCriteria=1; hsKeyword=851110; find_item=yes
CCU-STABILIZER-BAR,ACFTA,MAP-MY-ACFTA-2026-STABILIZER-BAR-8708801600,1,870880,8708801600,- - - For vehicles of heading 87.03,0E-8,0.1,CANDIDATE,2026-01-01,,SRC-MY-JKDM-ACFTA-870880-RATE2026-P1-60,PORTAL_QUERY,POST hsType=ACFTA; hsCriteria=1; hsKeyword=870880; find_item=yes
CCU-STABILIZER-BAR,ACFTA,MAP-MY-ACFTA-2026-STABILIZER-BAR-8708809200,1,870880,8708809200,- - - For vehicles of heading 87.03,0E-8,0.1,CANDIDATE,2026-01-01,,SRC-MY-JKDM-ACFTA-870880-RATE2026-P1-60,PORTAL_QUERY,POST hsType=ACFTA; hsCriteria=1; hsKeyword=870880; find_item=yes
CCU-STABILIZER-BAR,MFN,MAP-MY-PDK2025-MFN-STABILIZER-BAR-8708801600,1,870880,8708801600,- - - For vehicles of heading 87.03,0.30000000,0.1,CANDIDATE,2025-11-01,,SRC-MY-JKDM-PDK2025-870880-P1-60-20260729,PORTAL_QUERY,POST hsType=PDK; hsCriteria=1; hsKeyword=870880; find_item=yes
CCU-STABILIZER-BAR,MFN,MAP-MY-PDK2025-MFN-STABILIZER-BAR-8708809200,1,870880,8708809200,- - - For vehicles of heading 87.03,0.30000000,0.1,CANDIDATE,2025-11-01,,SRC-MY-JKDM-PDK2025-870880-P1-60-20260729,PORTAL_QUERY,POST hsType=PDK; hsCriteria=1; hsKeyword=870880; find_item=yes
CCU-STABILIZER-BAR,RCEP,MAP-MY-RCEP-2026-STABILIZER-BAR-8708801600,1,870880,8708801600,- - - For vehicles of heading 87.03,0.27300000,0.1,CANDIDATE,2026-01-01,,SRC-MY-JKDM-RCEP-870880-RATE2026-P1-60,PORTAL_QUERY,POST hsType=RCEP; hsCriteria=1; hsKeyword=870880; find_item=yes
CCU-STABILIZER-BAR,RCEP,MAP-MY-RCEP-2026-STABILIZER-BAR-8708809200,1,870880,8708809200,- - - For vehicles of heading 87.03,0.27300000,0.1,CANDIDATE,2026-01-01,,SRC-MY-JKDM-RCEP-870880-RATE2026-P1-60,PORTAL_QUERY,POST hsType=RCEP; hsCriteria=1; hsKeyword=870880; find_item=yes
CCU-STARTER-MOTOR,ACFTA,MAP-MY-ACFTA-2026-STARTER-MOTOR-8511402100,1,851140,8511402100,"- - - For engines of vehicles of heading 87.02, 87.03, 87.04 or 87.05",0E-8,0.1,CANDIDATE,2026-01-01,,SRC-MY-JKDM-ACFTA-851140-RATE2026-P1-60,PORTAL_QUERY,POST hsType=ACFTA; hsCriteria=1; hsKeyword=851140; find_item=yes
CCU-STARTER-MOTOR,ACFTA,MAP-MY-ACFTA-2026-STARTER-MOTOR-8511403200,1,851140,8511403200,"- - - For engines of vehicles of heading 87.02, 87.03 or 87.04",0E-8,0.1,CANDIDATE,2026-01-01,,SRC-MY-JKDM-ACFTA-851140-RATE2026-P1-60,PORTAL_QUERY,POST hsType=ACFTA; hsCriteria=1; hsKeyword=851140; find_item=yes
CCU-STARTER-MOTOR,ACFTA,MAP-MY-ACFTA-2026-STARTER-MOTOR-8511409100,1,851140,8511409100,"- - - For engines of vehicles of heading 87.02, 87.03, 87.04 or 87.05",0E-8,0.1,CANDIDATE,2026-01-01,,SRC-MY-JKDM-ACFTA-851140-RATE2026-P1-60,PORTAL_QUERY,POST hsType=ACFTA; hsCriteria=1; hsKeyword=851140; find_item=yes
CCU-STARTER-MOTOR,MFN,MAP-MY-PDK2025-MFN-STARTER-MOTOR-8511402100,1,851140,8511402100,"- - - For engines of vehicles of heading 87.02, 87.03, 87.04 or 87.05",0E-8,0.1,CANDIDATE,2025-11-01,,SRC-MY-JKDM-PDK2025-851140-P1-60-20260729,PORTAL_QUERY,POST hsType=PDK; hsCriteria=1; hsKeyword=851140; find_item=yes
CCU-STARTER-MOTOR,MFN,MAP-MY-PDK2025-MFN-STARTER-MOTOR-8511403200,1,851140,8511403200,"- - - For engines of vehicles of heading 87.02, 87.03 or 87.04",0E-8,0.1,CANDIDATE,2025-11-01,,SRC-MY-JKDM-PDK2025-851140-P1-60-20260729,PORTAL_QUERY,POST hsType=PDK; hsCriteria=1; hsKeyword=851140; find_item=yes
CCU-STARTER-MOTOR,MFN,MAP-MY-PDK2025-MFN-STARTER-MOTOR-8511409100,1,851140,8511409100,"- - - For engines of vehicles of heading 87.02, 87.03, 87.04 or 87.05",0E-8,0.1,CANDIDATE,2025-11-01,,SRC-MY-JKDM-PDK2025-851140-P1-60-20260729,PORTAL_QUERY,POST hsType=PDK; hsCriteria=1; hsKeyword=851140; find_item=yes
CCU-STARTER-MOTOR,RCEP,MAP-MY-RCEP-2026-STARTER-MOTOR-8511402100,1,851140,8511402100,"- - - For engines of vehicles of heading 87.02, 87",0E-8,0.1,CANDIDATE,2026-01-01,,SRC-MY-JKDM-RCEP-851140-RATE2026-P1-60,PORTAL_QUERY,POST hsType=RCEP; hsCriteria=1; hsKeyword=851140; find_item=yes
CCU-STARTER-MOTOR,RCEP,MAP-MY-RCEP-2026-STARTER-MOTOR-8511403200,1,851140,8511403200,"- - - For engines of vehicles of heading 87.02, 87",0E-8,0.1,CANDIDATE,2026-01-01,,SRC-MY-JKDM-RCEP-851140-RATE2026-P1-60,PORTAL_QUERY,POST hsType=RCEP; hsCriteria=1; hsKeyword=851140; find_item=yes
CCU-STARTER-MOTOR,RCEP,MAP-MY-RCEP-2026-STARTER-MOTOR-8511409100,1,851140,8511409100,"- - - For engines of vehicles of heading 87.02, 87",0E-8,0.1,CANDIDATE,2026-01-01,,SRC-MY-JKDM-RCEP-851140-RATE2026-P1-60,PORTAL_QUERY,POST hsType=RCEP; hsCriteria=1; hsKeyword=851140; find_item=yes
CCU-STEERING-GEAR-COLUMN,ACFTA,MAP-MY-ACFTA-2026-CCU-STEERING-GEAR-COLUMN-8708949500,1,870894,8708949500,"Other steering wheels, columns and boxes - for vehicles of heading 87.03",0E-8,,VERIFIED,2026-01-01,,SRC-MY-JKDM-ACFTA-870894-RATE-2026,HS_EXPLORER_RESULT,ACFTA; HS 870894; RATE_2026
CCU-STEERING-GEAR-COLUMN,MFN,MAP-MY-MFN-CCU-STEERING-GEAR-COLUMN-8708949500-R1,1,870894,8708949500,Other than steering wheels with airbag assemblies - for vehicles of heading 87.03,0.25000000,0.1,VERIFIED,2025-11-01,,SRC-MY-PDK-2025,PDF_PAGE,"First Schedule, PDF pages 1251-1252, heading 8708.94"
CCU-STEERING-GEAR-COLUMN,RCEP,MAP-MY-RCEP-2026-CCU-STEERING-GEAR-COLUMN-8708949500,1,870894,8708949500,"Other steering wheels, columns and boxes - for vehicles of heading 87.03",0.22700000,,VERIFIED,2026-01-01,,SRC-MY-JKDM-RCEP-870894-RATE-2026,HS_EXPLORER_RESULT,RCEP; HS 870894; RATE_2026
CCU-STEERING-WHEEL,ACFTA,MAP-MY-ACFTA-2026-STEERING-WHEEL-8708949500,1,870894,8708949500,- - - - For vehicles of heading 87.03,0E-8,0.1,CANDIDATE,2026-01-01,,SRC-MY-JKDM-ACFTA-870894-RATE2026-P1-60,PORTAL_QUERY,POST hsType=ACFTA; hsCriteria=1; hsKeyword=870894; find_item=yes
CCU-STEERING-WHEEL,MFN,MAP-MY-PDK2025-MFN-STEERING-WHEEL-8708949500,1,870894,8708949500,- - - - For vehicles of heading 87.03,0.25000000,0.1,CANDIDATE,2025-11-01,,SRC-MY-JKDM-PDK2025-870894-P1-60-20260729,PORTAL_QUERY,POST hsType=PDK; hsCriteria=1; hsKeyword=870894; find_item=yes
CCU-STEERING-WHEEL,RCEP,MAP-MY-RCEP-2026-STEERING-WHEEL-8708949500,1,870894,8708949500,- - - - For vehicles of heading 87.03,0.22700000,0.1,CANDIDATE,2026-01-01,,SRC-MY-JKDM-RCEP-870894-RATE2026-P1-60,PORTAL_QUERY,POST hsType=RCEP; hsCriteria=1; hsKeyword=870894; find_item=yes
CCU-SUSPENSION-COIL-SPRING,ACFTA,MAP-MY-ACFTA-2026-SUSPENSION-COIL-SPRING-7320201100,1,732020,7320201100,- - - For motor vehicles,0E-8,0.1,VERIFIED,2026-01-01,,SRC-MY-JKDM-ACFTA-732020-RATE2026-P1-60,PORTAL_QUERY,POST hsType=ACFTA; hsCriteria=1; hsKeyword=732020; find_item=yes
CCU-SUSPENSION-COIL-SPRING,MFN,MAP-MY-PDK2025-MFN-SUSPENSION-COIL-SPRING-7320201100,1,732020,7320201100,- - - For motor vehicles,0.05000000,0.1,VERIFIED,2025-11-01,,SRC-MY-JKDM-PDK2025-732020-P1-60-20260729,PORTAL_QUERY,POST hsType=PDK; hsCriteria=1; hsKeyword=732020; find_item=yes
CCU-SUSPENSION-COIL-SPRING,RCEP,MAP-MY-RCEP-2026-SUSPENSION-COIL-SPRING-7320201100,1,732020,7320201100,- - - For motor vehicles,0.04500000,0.1,VERIFIED,2026-01-01,,SRC-MY-JKDM-RCEP-732020-RATE2026-P1-60,PORTAL_QUERY,POST hsType=RCEP; hsCriteria=1; hsKeyword=732020; find_item=yes
CCU-SUSPENSION-CONTROL-ARM,ACFTA,MAP-MY-ACFTA-2026-SUSPENSION-CONTROL-ARM-8708801600,1,870880,8708801600,- - - For vehicles of heading 87.03,0E-8,0.1,CANDIDATE,2026-01-01,,SRC-MY-JKDM-ACFTA-870880-RATE2026-P1-60,PORTAL_QUERY,POST hsType=ACFTA; hsCriteria=1; hsKeyword=870880; find_item=yes
CCU-SUSPENSION-CONTROL-ARM,ACFTA,MAP-MY-ACFTA-2026-SUSPENSION-CONTROL-ARM-8708809200,1,870880,8708809200,- - - For vehicles of heading 87.03,0E-8,0.1,CANDIDATE,2026-01-01,,SRC-MY-JKDM-ACFTA-870880-RATE2026-P1-60,PORTAL_QUERY,POST hsType=ACFTA; hsCriteria=1; hsKeyword=870880; find_item=yes
CCU-SUSPENSION-CONTROL-ARM,MFN,MAP-MY-PDK2025-MFN-SUSPENSION-CONTROL-ARM-8708801600,1,870880,8708801600,- - - For vehicles of heading 87.03,0.30000000,0.1,CANDIDATE,2025-11-01,,SRC-MY-JKDM-PDK2025-870880-P1-60-20260729,PORTAL_QUERY,POST hsType=PDK; hsCriteria=1; hsKeyword=870880; find_item=yes
CCU-SUSPENSION-CONTROL-ARM,MFN,MAP-MY-PDK2025-MFN-SUSPENSION-CONTROL-ARM-8708809200,1,870880,8708809200,- - - For vehicles of heading 87.03,0.30000000,0.1,CANDIDATE,2025-11-01,,SRC-MY-JKDM-PDK2025-870880-P1-60-20260729,PORTAL_QUERY,POST hsType=PDK; hsCriteria=1; hsKeyword=870880; find_item=yes
CCU-SUSPENSION-CONTROL-ARM,RCEP,MAP-MY-RCEP-2026-SUSPENSION-CONTROL-ARM-8708801600,1,870880,8708801600,- - - For vehicles of heading 87.03,0.27300000,0.1,CANDIDATE,2026-01-01,,SRC-MY-JKDM-RCEP-870880-RATE2026-P1-60,PORTAL_QUERY,POST hsType=RCEP; hsCriteria=1; hsKeyword=870880; find_item=yes
CCU-SUSPENSION-CONTROL-ARM,RCEP,MAP-MY-RCEP-2026-SUSPENSION-CONTROL-ARM-8708809200,1,870880,8708809200,- - - For vehicles of heading 87.03,0.27300000,0.1,CANDIDATE,2026-01-01,,SRC-MY-JKDM-RCEP-870880-RATE2026-P1-60,PORTAL_QUERY,POST hsType=RCEP; hsCriteria=1; hsKeyword=870880; find_item=yes
CCU-SUSPENSION-LEAF-SPRING,ACFTA,MAP-MY-ACFTA-2026-SUSPENSION-LEAF-SPRING-7320101100,1,732010,7320101100,"- - - Suitable for use on motor vehicles of heading 87.02, 87.03 or 87.04",0E-8,0.1,VERIFIED,2026-01-01,,SRC-MY-JKDM-ACFTA-732010-RATE2026-P1-60,PORTAL_QUERY,POST hsType=ACFTA; hsCriteria=1; hsKeyword=732010; find_item=yes
CCU-SUSPENSION-LEAF-SPRING,MFN,MAP-MY-PDK2025-MFN-SUSPENSION-LEAF-SPRING-7320101100,1,732010,7320101100,"- - - Suitable for use on motor vehicles of heading 87.02, 87.03 or 87.04",0.05000000,0.1,VERIFIED,2025-11-01,,SRC-MY-JKDM-PDK2025-732010-P1-60-20260729,PORTAL_QUERY,POST hsType=PDK; hsCriteria=1; hsKeyword=732010; find_item=yes
CCU-SUSPENSION-LEAF-SPRING,RCEP,MAP-MY-RCEP-2026-SUSPENSION-LEAF-SPRING-7320101100,1,732010,7320101100,- - - Suitable for use on motor vehicles of headin,0.04500000,0.1,VERIFIED,2026-01-01,,SRC-MY-JKDM-RCEP-732010-RATE2026-P1-60,PORTAL_QUERY,POST hsType=RCEP; hsCriteria=1; hsKeyword=732010; find_item=yes
CCU-TRACTION-INVERTER,ACFTA,MAP-MY-ACFTA-2026-CCU-TRACTION-INVERTER-8504404000,1,850440,8504404000,Inverters,0E-8,,VERIFIED,2026-01-01,,SRC-MY-JKDM-ACFTA-850440-RATE-2026,HS_EXPLORER_RESULT,ACFTA; HS 850440; RATE_2026
CCU-TRACTION-INVERTER,MFN,MAP-MY-MFN-CCU-TRACTION-INVERTER-8504404000-R1,1,850440,8504404000,Inverters,0E-8,0.1,VERIFIED,2025-11-01,,SRC-MY-JKDM-PDK2025-850440-20260728,PORTAL_POST_QUERY,POST hsType=PDK; hsCriteria=1; hsKeyword=850440; find_item=yes
CCU-TRACTION-INVERTER,RCEP,MAP-MY-RCEP-2026-CCU-TRACTION-INVERTER-8504404000,1,850440,8504404000,Inverters,0E-8,,VERIFIED,2026-01-01,,SRC-MY-JKDM-RCEP-850440-RATE-2026,HS_EXPLORER_RESULT,RCEP; HS 850440; RATE_2026
CCU-TRACTION-MOTOR,ACFTA,MAP-MY-ACFTA-2026-CCU-TRACTION-MOTOR-8501521200,1,850152,8501521200,Of a kind used for vehicles in Chapter 87; output exceeding 750 W but not exceeding 1 kW,0E-8,,VERIFIED,2026-01-01,,SRC-MY-JKDM-ACFTA-850152-RATE-2026,HS_EXPLORER_RESULT,ACFTA; HS 850152; RATE_2026
CCU-TRACTION-MOTOR,ACFTA,MAP-MY-ACFTA-2026-CCU-TRACTION-MOTOR-8501522200,1,850152,8501522200,Of a kind used for vehicles in Chapter 87; output exceeding 1 kW but not exceeding 37.5 kW,0E-8,,VERIFIED,2026-01-01,,SRC-MY-JKDM-ACFTA-850152-RATE-2026,HS_EXPLORER_RESULT,ACFTA; HS 850152; RATE_2026
CCU-TRACTION-MOTOR,ACFTA,MAP-MY-ACFTA-2026-CCU-TRACTION-MOTOR-8501523200,1,850152,8501523200,Of a kind used for vehicles in Chapter 87; output exceeding 37.5 kW but not exceeding 75 kW,0E-8,,VERIFIED,2026-01-01,,SRC-MY-JKDM-ACFTA-850152-RATE-2026,HS_EXPLORER_RESULT,ACFTA; HS 850152; RATE_2026
CCU-TRACTION-MOTOR,ACFTA,MAP-MY-ACFTA-2026-CCU-TRACTION-MOTOR-8501531000,2,850153,8501531000,Of a kind used for vehicles in Chapter 87; output exceeding 75 kW,0E-8,,VERIFIED,2026-01-01,,SRC-MY-JKDM-ACFTA-850153-RATE-2026,HS_EXPLORER_RESULT,ACFTA; HS 850153; RATE_2026
CCU-TRACTION-MOTOR,MFN,MAP-MY-MFN-CCU-TRACTION-MOTOR-8501521200-R1,1,850152,8501521200,Output exceeding 750 W but not exceeding 1 kW; of a kind used for vehicles in Chapter 87,0.15000000,0.1,VERIFIED,2025-11-01,,SRC-MY-PDK-2025,PDF_PAGE,"First Schedule, PDF pages 1074-1075, heading 8501.52"
CCU-TRACTION-MOTOR,MFN,MAP-MY-MFN-CCU-TRACTION-MOTOR-8501522200-R1,1,850152,8501522200,Output exceeding 1 kW but not exceeding 37.5 kW; of a kind used for vehicles in Chapter 87,0.15000000,0.1,VERIFIED,2025-11-01,,SRC-MY-PDK-2025,PDF_PAGE,"First Schedule, PDF pages 1074-1075, heading 8501.52"
CCU-TRACTION-MOTOR,MFN,MAP-MY-MFN-CCU-TRACTION-MOTOR-8501523200-R1,1,850152,8501523200,Output exceeding 37.5 kW but not exceeding 75 kW; of a kind used for vehicles in Chapter 87,0.15000000,0.1,VERIFIED,2025-11-01,,SRC-MY-PDK-2025,PDF_PAGE,"First Schedule, PDF pages 1074-1075, heading 8501.52"
CCU-TRACTION-MOTOR,MFN,MAP-MY-MFN-CCU-TRACTION-MOTOR-8501531000-R1,2,850153,8501531000,Output exceeding 75 kW; of a kind used for vehicles in Chapter 87,0E-8,0.1,VERIFIED,2025-11-01,,SRC-MY-PDK-2025,PDF_PAGE,"First Schedule, PDF pages 1074-1075, heading 8501.52"
CCU-TRACTION-MOTOR,RCEP,MAP-MY-RCEP-2026-CCU-TRACTION-MOTOR-8501521900,1,850152,8501521900,Other; output exceeding 750 W but not exceeding 1 kW,0.13600000,,CANDIDATE,2026-01-01,,SRC-MY-JKDM-RCEP-850152-RATE-2026,HS_EXPLORER_RESULT,RCEP; HS 850152; RATE_2026
CCU-TRACTION-MOTOR,RCEP,MAP-MY-RCEP-2026-CCU-TRACTION-MOTOR-8501522900,1,850152,8501522900,Other; output exceeding 1 kW but not exceeding 37.5 kW,0.13600000,,CANDIDATE,2026-01-01,,SRC-MY-JKDM-RCEP-850152-RATE-2026,HS_EXPLORER_RESULT,RCEP; HS 850152; RATE_2026
CCU-TRACTION-MOTOR,RCEP,MAP-MY-RCEP-2026-CCU-TRACTION-MOTOR-8501523900,1,850152,8501523900,Other; output exceeding 37.5 kW but not exceeding 75 kW,0.13600000,,CANDIDATE,2026-01-01,,SRC-MY-JKDM-RCEP-850152-RATE-2026,HS_EXPLORER_RESULT,RCEP; HS 850152; RATE_2026
CCU-TRACTION-MOTOR,RCEP,MAP-MY-RCEP-2026-CCU-TRACTION-MOTOR-8501530000,2,850153,8501530000,Of an output exceeding 75 kW,0E-8,,CANDIDATE,2026-01-01,,SRC-MY-JKDM-RCEP-850153-RATE-2026,HS_EXPLORER_RESULT,RCEP; HS 850153; RATE_2026
CCU-VEHICLE-AC-COMPRESSOR,ACFTA,MAP-MY-ACFTA-2026-VEHICLE-AC-COMPRESSOR-8414304000,1,841430,8414304000,"- - With a refrigeration capacity exceeding 21.10 kW, or with a displacement per revolution of 220 cc or more",0E-8,0.05,CANDIDATE,2026-01-01,,SRC-MY-JKDM-ACFTA-841430-RATE2026-P1-60,PORTAL_QUERY,POST hsType=ACFTA; hsCriteria=1; hsKeyword=841430; find_item=yes
CCU-VEHICLE-AC-COMPRESSOR,ACFTA,MAP-MY-ACFTA-2026-VEHICLE-AC-COMPRESSOR-8414309000,1,841430,8414309000,- - Other,0E-8,0.05,CANDIDATE,2026-01-01,,SRC-MY-JKDM-ACFTA-841430-RATE2026-P1-60,PORTAL_QUERY,POST hsType=ACFTA; hsCriteria=1; hsKeyword=841430; find_item=yes
CCU-VEHICLE-AC-COMPRESSOR,MFN,MAP-MY-PDK2025-MFN-8414304000,1,841430,8414304000,Refrigeration capacity exceeding 21.10 kW or displacement at least 220 cc/rev,0E-8,0.05,CANDIDATE,2025-11-01,,SRC-MY-JKDM-PDK2025-841430-20260729,PORTAL_QUERY,POST hsType=PDK; hsCriteria=1; hsKeyword=841430; find_item=yes
CCU-VEHICLE-AC-COMPRESSOR,MFN,MAP-MY-PDK2025-MFN-8414309000,1,841430,8414309000,Other refrigerating compressors,0E-8,0.05,CANDIDATE,2025-11-01,,SRC-MY-JKDM-PDK2025-841430-20260729,PORTAL_QUERY,POST hsType=PDK; hsCriteria=1; hsKeyword=841430; find_item=yes
CCU-VEHICLE-AC-COMPRESSOR,RCEP,MAP-MY-RCEP-2026-VEHICLE-AC-COMPRESSOR-8414304000,1,841430,8414304000,- - With a refrigeration capacity exceeding 21.10,0E-8,0.05,CANDIDATE,2026-01-01,,SRC-MY-JKDM-RCEP-841430-RATE2026-P1-60,PORTAL_QUERY,POST hsType=RCEP; hsCriteria=1; hsKeyword=841430; find_item=yes
CCU-VEHICLE-AC-COMPRESSOR,RCEP,MAP-MY-RCEP-2026-VEHICLE-AC-COMPRESSOR-8414309000,1,841430,8414309000,- - Other,0E-8,0.05,CANDIDATE,2026-01-01,,SRC-MY-JKDM-RCEP-841430-RATE2026-P1-60,PORTAL_QUERY,POST hsType=RCEP; hsCriteria=1; hsKeyword=841430; find_item=yes
CCU-VEHICLE-ALTERNATOR,ACFTA,MAP-MY-ACFTA-2026-VEHICLE-ALTERNATOR-8511502100,1,851150,8511502100,"- - - For engines of vehicles of heading 87.02, 87.03, 87.04 or 87.05",0E-8,0.1,CANDIDATE,2026-01-01,,SRC-MY-JKDM-ACFTA-851150-RATE2026-P1-60,PORTAL_QUERY,POST hsType=ACFTA; hsCriteria=1; hsKeyword=851150; find_item=yes
CCU-VEHICLE-ALTERNATOR,ACFTA,MAP-MY-ACFTA-2026-VEHICLE-ALTERNATOR-8511503200,1,851150,8511503200,"- - - For engines of vehicles of heading 87.02, 87.03 or 87.04",0E-8,0.1,CANDIDATE,2026-01-01,,SRC-MY-JKDM-ACFTA-851150-RATE2026-P1-60,PORTAL_QUERY,POST hsType=ACFTA; hsCriteria=1; hsKeyword=851150; find_item=yes
CCU-VEHICLE-ALTERNATOR,ACFTA,MAP-MY-ACFTA-2026-VEHICLE-ALTERNATOR-8511509100,1,851150,8511509100,"- - - For engines of vehicles of heading 87.02, 87.03, 87.04 or 87.05",0E-8,0.1,CANDIDATE,2026-01-01,,SRC-MY-JKDM-ACFTA-851150-RATE2026-P1-60,PORTAL_QUERY,POST hsType=ACFTA; hsCriteria=1; hsKeyword=851150; find_item=yes
CCU-VEHICLE-ALTERNATOR,MFN,MAP-MY-PDK2025-MFN-VEHICLE-ALTERNATOR-8511502100,1,851150,8511502100,"- - - For engines of vehicles of heading 87.02, 87.03, 87.04 or 87.05",0E-8,0.1,CANDIDATE,2025-11-01,,SRC-MY-JKDM-PDK2025-851150-P1-60-20260729,PORTAL_QUERY,POST hsType=PDK; hsCriteria=1; hsKeyword=851150; find_item=yes
CCU-VEHICLE-ALTERNATOR,MFN,MAP-MY-PDK2025-MFN-VEHICLE-ALTERNATOR-8511503200,1,851150,8511503200,"- - - For engines of vehicles of heading 87.02, 87.03 or 87.04",0E-8,0.1,CANDIDATE,2025-11-01,,SRC-MY-JKDM-PDK2025-851150-P1-60-20260729,PORTAL_QUERY,POST hsType=PDK; hsCriteria=1; hsKeyword=851150; find_item=yes
CCU-VEHICLE-ALTERNATOR,MFN,MAP-MY-PDK2025-MFN-VEHICLE-ALTERNATOR-8511509100,1,851150,8511509100,"- - - For engines of vehicles of heading 87.02, 87.03, 87.04 or 87.05",0E-8,0.1,CANDIDATE,2025-11-01,,SRC-MY-JKDM-PDK2025-851150-P1-60-20260729,PORTAL_QUERY,POST hsType=PDK; hsCriteria=1; hsKeyword=851150; find_item=yes
CCU-VEHICLE-ALTERNATOR,RCEP,MAP-MY-RCEP-2026-VEHICLE-ALTERNATOR-8511502100,1,851150,8511502100,"- - - For engines of vehicles of heading 87.02, 87",0E-8,0.1,CANDIDATE,2026-01-01,,SRC-MY-JKDM-RCEP-851150-RATE2026-P1-60,PORTAL_QUERY,POST hsType=RCEP; hsCriteria=1; hsKeyword=851150; find_item=yes
CCU-VEHICLE-ALTERNATOR,RCEP,MAP-MY-RCEP-2026-VEHICLE-ALTERNATOR-8511503200,1,851150,8511503200,"- - - For engines of vehicles of heading 87.02, 87",0E-8,0.1,CANDIDATE,2026-01-01,,SRC-MY-JKDM-RCEP-851150-RATE2026-P1-60,PORTAL_QUERY,POST hsType=RCEP; hsCriteria=1; hsKeyword=851150; find_item=yes
CCU-VEHICLE-ALTERNATOR,RCEP,MAP-MY-RCEP-2026-VEHICLE-ALTERNATOR-8511509100,1,851150,8511509100,"- - - For engines of vehicles of heading 87.02, 87",0E-8,0.1,CANDIDATE,2026-01-01,,SRC-MY-JKDM-RCEP-851150-RATE2026-P1-60,PORTAL_QUERY,POST hsType=RCEP; hsCriteria=1; hsKeyword=851150; find_item=yes
CCU-VEHICLE-BUMPER,ACFTA,MAP-MY-ACFTA-2026-VEHICLE-BUMPER-8708109000,1,870810,8708109000,- - Other,0E-8,0.1,VERIFIED,2026-01-01,,SRC-MY-JKDM-ACFTA-870810-RATE2026-P1-60,PORTAL_QUERY,POST hsType=ACFTA; hsCriteria=1; hsKeyword=870810; find_item=yes
CCU-VEHICLE-BUMPER,MFN,MAP-MY-PDK2025-MFN-8708109000,1,870810,8708109000,Other bumpers and parts thereof,0.25000000,0.1,VERIFIED,2025-11-01,,SRC-MY-JKDM-PDK2025-870810-20260729,PORTAL_QUERY,POST hsType=PDK; hsCriteria=1; hsKeyword=870810; find_item=yes
CCU-VEHICLE-BUMPER,RCEP,MAP-MY-RCEP-2026-VEHICLE-BUMPER-8708109000,1,870810,8708109000,- - Other,0.22700000,0.1,VERIFIED,2026-01-01,,SRC-MY-JKDM-RCEP-870810-RATE2026-P1-60,PORTAL_QUERY,POST hsType=RCEP; hsCriteria=1; hsKeyword=870810; find_item=yes
CCU-VEHICLE-CLUTCH,ACFTA,MAP-MY-ACFTA-2026-VEHICLE-CLUTCH-8708936000,1,870893,8708936000,- - - For vehicles of heading 87.03,0E-8,0.1,VERIFIED,2026-01-01,,SRC-MY-JKDM-ACFTA-870893-RATE2026-P1-60,PORTAL_QUERY,POST hsType=ACFTA; hsCriteria=1; hsKeyword=870893; find_item=yes
CCU-VEHICLE-CLUTCH,MFN,MAP-MY-PDK2025-MFN-VEHICLE-CLUTCH-8708936000,1,870893,8708936000,- - - For vehicles of heading 87.03,0.25000000,0.1,VERIFIED,2025-11-01,,SRC-MY-JKDM-PDK2025-870893-P1-60-20260729,PORTAL_QUERY,POST hsType=PDK; hsCriteria=1; hsKeyword=870893; find_item=yes
CCU-VEHICLE-CLUTCH,RCEP,MAP-MY-RCEP-2026-VEHICLE-CLUTCH-8708936000,1,870893,8708936000,- - - For vehicles of heading 87.03,0.22700000,0.1,VERIFIED,2026-01-01,,SRC-MY-JKDM-RCEP-870893-RATE2026-P1-60,PORTAL_QUERY,POST hsType=RCEP; hsCriteria=1; hsKeyword=870893; find_item=yes
CCU-VEHICLE-CONTROL-ECU,ACFTA,MAP-MY-ACFTA-2026-VEHICLE-CONTROL-ECU-8537109900,1,853710,8537109900,- - - Other,0E-8,0.1,CANDIDATE,2026-01-01,,SRC-MY-JKDM-ACFTA-853710-RATE2026-P1-60,PORTAL_QUERY,POST hsType=ACFTA; hsCriteria=1; hsKeyword=853710; find_item=yes
CCU-VEHICLE-CONTROL-ECU,ACFTA,MAP-MY-ACFTA-2026-VEHICLE-CONTROL-ECU-9032899000,2,903289,9032899000,- - - Other,0E-8,0.1,CANDIDATE,2026-01-01,,SRC-MY-JKDM-ACFTA-903289-RATE2026-P1-60,PORTAL_QUERY,POST hsType=ACFTA; hsCriteria=1; hsKeyword=903289; find_item=yes
CCU-VEHICLE-CONTROL-ECU,MFN,MAP-MY-PDK2025-MFN-VEHICLE-CONTROL-ECU-8537109900,1,853710,8537109900,- - - Other,0.15000000,0.1,CANDIDATE,2025-11-01,,SRC-MY-JKDM-PDK2025-853710-P1-60-20260729,PORTAL_QUERY,POST hsType=PDK; hsCriteria=1; hsKeyword=853710; find_item=yes
CCU-VEHICLE-CONTROL-ECU,MFN,MAP-MY-PDK2025-MFN-VEHICLE-CONTROL-ECU-9032899000,2,903289,9032899000,- - - Other,0E-8,0.1,CANDIDATE,2025-11-01,,SRC-MY-JKDM-PDK2025-903289-P1-60-20260729,PORTAL_QUERY,POST hsType=PDK; hsCriteria=1; hsKeyword=903289; find_item=yes
CCU-VEHICLE-CONTROL-ECU,RCEP,MAP-MY-RCEP-2026-VEHICLE-CONTROL-ECU-8537109900,1,853710,8537109900,- - - Other,0.10700000,0.1,CANDIDATE,2026-01-01,,SRC-MY-JKDM-RCEP-853710-RATE2026-P1-60,PORTAL_QUERY,POST hsType=RCEP; hsCriteria=1; hsKeyword=853710; find_item=yes
CCU-VEHICLE-CONTROL-ECU,RCEP,MAP-MY-RCEP-2026-VEHICLE-CONTROL-ECU-9032899000,2,903289,9032899000,- - - Other,0E-8,0.1,CANDIDATE,2026-01-01,,SRC-MY-JKDM-RCEP-903289-RATE2026-P1-60,PORTAL_QUERY,POST hsType=RCEP; hsCriteria=1; hsKeyword=903289; find_item=yes
CCU-VEHICLE-COOLANT-PUMP,ACFTA,MAP-MY-ACFTA-2026-VEHICLE-COOLANT-PUMP-8413304000,1,841330,8413304000,"- - Water pumps of a kind used for engines of motor vehicles of heading 87.02, 87.03 or 87.04",0E-8,0.05,CANDIDATE,2026-01-01,,SRC-MY-JKDM-ACFTA-841330-RATE2026-P1-60,PORTAL_QUERY,POST hsType=ACFTA; hsCriteria=1; hsKeyword=841330; find_item=yes
CCU-VEHICLE-COOLANT-PUMP,ACFTA,MAP-MY-ACFTA-2026-VEHICLE-COOLANT-PUMP-8413811300,2,841381,8413811300,"- - - Water pumps with a flow rate not exceeding 8,000 m3/h, electrically operated",0E-8,0.05,CANDIDATE,2026-01-01,,SRC-MY-JKDM-ACFTA-841381-RATE2026-P1-60,PORTAL_QUERY,POST hsType=ACFTA; hsCriteria=1; hsKeyword=841381; find_item=yes
CCU-VEHICLE-COOLANT-PUMP,MFN,MAP-MY-PDK2025-MFN-VEHICLE-COOLANT-PUMP-8413304000,1,841330,8413304000,"- - Water pumps of a kind used for engines of motor vehicles of heading 87.02, 87.03 or 87.04",0.25000000,0.05,CANDIDATE,2025-11-01,,SRC-MY-JKDM-PDK2025-841330-P1-60-20260729,PORTAL_QUERY,POST hsType=PDK; hsCriteria=1; hsKeyword=841330; find_item=yes
CCU-VEHICLE-COOLANT-PUMP,MFN,MAP-MY-PDK2025-MFN-VEHICLE-COOLANT-PUMP-8413811300,2,841381,8413811300,"- - - Water pumps with a flow rate not exceeding 8,000 m3/h, electrically operated",0E-8,0.05,CANDIDATE,2025-11-01,,SRC-MY-JKDM-PDK2025-841381-P1-60-20260729,PORTAL_QUERY,POST hsType=PDK; hsCriteria=1; hsKeyword=841381; find_item=yes
CCU-VEHICLE-COOLANT-PUMP,RCEP,MAP-MY-RCEP-2026-VEHICLE-COOLANT-PUMP-8413304000,1,841330,8413304000,- - Water pumps of a kind used for engines of moto,0.12500000,0.05,CANDIDATE,2026-01-01,,SRC-MY-JKDM-RCEP-841330-RATE2026-P1-60,PORTAL_QUERY,POST hsType=RCEP; hsCriteria=1; hsKeyword=841330; find_item=yes
CCU-VEHICLE-COOLANT-PUMP,RCEP,MAP-MY-RCEP-2026-VEHICLE-COOLANT-PUMP-8413811300,2,841381,8413811300,- - - Water pumps with a flow rate not exceeding 8,0E-8,0.05,CANDIDATE,2026-01-01,,SRC-MY-JKDM-RCEP-841381-RATE2026-P1-60,PORTAL_QUERY,POST hsType=RCEP; hsCriteria=1; hsKeyword=841381; find_item=yes
CCU-VEHICLE-DOOR-ASSEMBLY,ACFTA,MAP-MY-ACFTA-2026-VEHICLE-DOOR-ASSEMBLY-8708291600,1,870829,8708291600,"- - - - Other, for vehicles of heading 87.03",0E-8,0.1,CANDIDATE,2026-01-01,,SRC-MY-JKDM-ACFTA-870829-RATE2026-P1-60,PORTAL_QUERY,POST hsType=ACFTA; hsCriteria=1; hsKeyword=870829; find_item=yes
CCU-VEHICLE-DOOR-ASSEMBLY,ACFTA,MAP-MY-ACFTA-2026-VEHICLE-DOOR-ASSEMBLY-8708299500,1,870829,8708299500,- - - - - Other,0E-8,0.1,CANDIDATE,2026-01-01,,SRC-MY-JKDM-ACFTA-870829-RATE2026-P1-60,PORTAL_QUERY,POST hsType=ACFTA; hsCriteria=1; hsKeyword=870829; find_item=yes
CCU-VEHICLE-DOOR-ASSEMBLY,ACFTA,MAP-MY-ACFTA-2026-VEHICLE-DOOR-ASSEMBLY-8708299800,1,870829,8708299800,- - - - - Other,0E-8,0.1,CANDIDATE,2026-01-01,,SRC-MY-JKDM-ACFTA-870829-RATE2026-P1-60,PORTAL_QUERY,POST hsType=ACFTA; hsCriteria=1; hsKeyword=870829; find_item=yes
CCU-VEHICLE-DOOR-ASSEMBLY,MFN,MAP-MY-PDK2025-MFN-VEHICLE-DOOR-ASSEMBLY-8708291600,1,870829,8708291600,"- - - - Other, for vehicles of heading 87.03",0.25000000,0.1,CANDIDATE,2025-11-01,,SRC-MY-JKDM-PDK2025-870829-P1-60-20260729,PORTAL_QUERY,POST hsType=PDK; hsCriteria=1; hsKeyword=870829; find_item=yes
CCU-VEHICLE-DOOR-ASSEMBLY,MFN,MAP-MY-PDK2025-MFN-VEHICLE-DOOR-ASSEMBLY-8708299500,1,870829,8708299500,- - - - - Other,0.25000000,0.1,CANDIDATE,2025-11-01,,SRC-MY-JKDM-PDK2025-870829-P1-60-20260729,PORTAL_QUERY,POST hsType=PDK; hsCriteria=1; hsKeyword=870829; find_item=yes
CCU-VEHICLE-DOOR-ASSEMBLY,MFN,MAP-MY-PDK2025-MFN-VEHICLE-DOOR-ASSEMBLY-8708299800,1,870829,8708299800,- - - - - Other,0.25000000,0.1,CANDIDATE,2025-11-01,,SRC-MY-JKDM-PDK2025-870829-P1-60-20260729,PORTAL_QUERY,POST hsType=PDK; hsCriteria=1; hsKeyword=870829; find_item=yes
CCU-VEHICLE-DOOR-ASSEMBLY,RCEP,MAP-MY-RCEP-2026-VEHICLE-DOOR-ASSEMBLY-8708291600,1,870829,8708291600,"- - - - Other, for vehicles of heading 87.03",0.22700000,0.1,CANDIDATE,2026-01-01,,SRC-MY-JKDM-RCEP-870829-RATE2026-P1-60,PORTAL_QUERY,POST hsType=RCEP; hsCriteria=1; hsKeyword=870829; find_item=yes
CCU-VEHICLE-DOOR-ASSEMBLY,RCEP,MAP-MY-RCEP-2026-VEHICLE-DOOR-ASSEMBLY-8708299500,1,870829,8708299500,- - - - - Other,0.22700000,0.1,CANDIDATE,2026-01-01,,SRC-MY-JKDM-RCEP-870829-RATE2026-P1-60,PORTAL_QUERY,POST hsType=RCEP; hsCriteria=1; hsKeyword=870829; find_item=yes
CCU-VEHICLE-DOOR-ASSEMBLY,RCEP,MAP-MY-RCEP-2026-VEHICLE-DOOR-ASSEMBLY-8708299800,1,870829,8708299800,- - - - - Other,0.22700000,0.1,CANDIDATE,2026-01-01,,SRC-MY-JKDM-RCEP-870829-RATE2026-P1-60,PORTAL_QUERY,POST hsType=RCEP; hsCriteria=1; hsKeyword=870829; find_item=yes
CCU-VEHICLE-FENDER-PANEL,ACFTA,MAP-MY-ACFTA-2026-VEHICLE-FENDER-PANEL-8708299300,1,870829,8708299300,- - - - - Interior trim fittings; mudguards,0E-8,0.1,CANDIDATE,2026-01-01,,SRC-MY-JKDM-ACFTA-870829-RATE2026-P1-60,PORTAL_QUERY,POST hsType=ACFTA; hsCriteria=1; hsKeyword=870829; find_item=yes
CCU-VEHICLE-FENDER-PANEL,ACFTA,MAP-MY-ACFTA-2026-VEHICLE-FENDER-PANEL-8708299600,1,870829,8708299600,- - - - - Interior trim fittings; mudguards,0E-8,0.1,CANDIDATE,2026-01-01,,SRC-MY-JKDM-ACFTA-870829-RATE2026-P1-60,PORTAL_QUERY,POST hsType=ACFTA; hsCriteria=1; hsKeyword=870829; find_item=yes
CCU-VEHICLE-FENDER-PANEL,MFN,MAP-MY-PDK2025-MFN-VEHICLE-FENDER-PANEL-8708299300,1,870829,8708299300,- - - - - Interior trim fittings; mudguards,0.25000000,0.1,CANDIDATE,2025-11-01,,SRC-MY-JKDM-PDK2025-870829-P1-60-20260729,PORTAL_QUERY,POST hsType=PDK; hsCriteria=1; hsKeyword=870829; find_item=yes
CCU-VEHICLE-FENDER-PANEL,MFN,MAP-MY-PDK2025-MFN-VEHICLE-FENDER-PANEL-8708299600,1,870829,8708299600,- - - - - Interior trim fittings; mudguards,0.25000000,0.1,CANDIDATE,2025-11-01,,SRC-MY-JKDM-PDK2025-870829-P1-60-20260729,PORTAL_QUERY,POST hsType=PDK; hsCriteria=1; hsKeyword=870829; find_item=yes
CCU-VEHICLE-FENDER-PANEL,RCEP,MAP-MY-RCEP-2026-VEHICLE-FENDER-PANEL-8708299300,1,870829,8708299300,- - - - - Interior trim fittings; mudguards,0.22700000,0.1,CANDIDATE,2026-01-01,,SRC-MY-JKDM-RCEP-870829-RATE2026-P1-60,PORTAL_QUERY,POST hsType=RCEP; hsCriteria=1; hsKeyword=870829; find_item=yes
CCU-VEHICLE-FENDER-PANEL,RCEP,MAP-MY-RCEP-2026-VEHICLE-FENDER-PANEL-8708299600,1,870829,8708299600,- - - - - Interior trim fittings; mudguards,0.22700000,0.1,CANDIDATE,2026-01-01,,SRC-MY-JKDM-RCEP-870829-RATE2026-P1-60,PORTAL_QUERY,POST hsType=RCEP; hsCriteria=1; hsKeyword=870829; find_item=yes
CCU-VEHICLE-FUEL-TANK,ACFTA,MAP-MY-ACFTA-2026-VEHICLE-FUEL-TANK-8708991100,1,870899,8708991100,- - - - Unassembled fuel tanks; engine brackets,0E-8,0.1,CANDIDATE,2026-01-01,,SRC-MY-JKDM-ACFTA-870899-RATE2026-P1-60,PORTAL_QUERY,POST hsType=ACFTA; hsCriteria=1; hsKeyword=870899; find_item=yes
CCU-VEHICLE-FUEL-TANK,ACFTA,MAP-MY-ACFTA-2026-VEHICLE-FUEL-TANK-8708992100,1,870899,8708992100,- - - - - Fuel tanks,0E-8,0.1,CANDIDATE,2026-01-01,,SRC-MY-JKDM-ACFTA-870899-RATE2026-P1-60,PORTAL_QUERY,POST hsType=ACFTA; hsCriteria=1; hsKeyword=870899; find_item=yes
CCU-VEHICLE-FUEL-TANK,ACFTA,MAP-MY-ACFTA-2026-VEHICLE-FUEL-TANK-8708999100,1,870899,8708999100,- - - - Unassembled fuel tanks; engine brackets,0E-8,0.1,CANDIDATE,2026-01-01,,SRC-MY-JKDM-ACFTA-870899-RATE2026-P1-60,PORTAL_QUERY,POST hsType=ACFTA; hsCriteria=1; hsKeyword=870899; find_item=yes
CCU-VEHICLE-FUEL-TANK,MFN,MAP-MY-PDK2025-MFN-VEHICLE-FUEL-TANK-8708991100,1,870899,8708991100,- - - - Unassembled fuel tanks; engine brackets,0.05000000,0.1,CANDIDATE,2025-11-01,,SRC-MY-JKDM-PDK2025-870899-P1-60-20260729,PORTAL_QUERY,POST hsType=PDK; hsCriteria=1; hsKeyword=870899; find_item=yes
CCU-VEHICLE-FUEL-TANK,MFN,MAP-MY-PDK2025-MFN-VEHICLE-FUEL-TANK-8708992100,1,870899,8708992100,- - - - - Fuel tanks,0.30000000,0.1,CANDIDATE,2025-11-01,,SRC-MY-JKDM-PDK2025-870899-P1-60-20260729,PORTAL_QUERY,POST hsType=PDK; hsCriteria=1; hsKeyword=870899; find_item=yes
CCU-VEHICLE-FUEL-TANK,MFN,MAP-MY-PDK2025-MFN-VEHICLE-FUEL-TANK-8708999100,1,870899,8708999100,- - - - Unassembled fuel tanks; engine brackets,0.30000000,0.1,CANDIDATE,2025-11-01,,SRC-MY-JKDM-PDK2025-870899-P1-60-20260729,PORTAL_QUERY,POST hsType=PDK; hsCriteria=1; hsKeyword=870899; find_item=yes
CCU-VEHICLE-FUEL-TANK,RCEP,MAP-MY-RCEP-2026-VEHICLE-FUEL-TANK-8708991100,1,870899,8708991100,- - - - Unassembled fuel tanks; engine brackets,0.04500000,0.1,CANDIDATE,2026-01-01,,SRC-MY-JKDM-RCEP-870899-RATE2026-P1-60,PORTAL_QUERY,POST hsType=RCEP; hsCriteria=1; hsKeyword=870899; find_item=yes
CCU-VEHICLE-FUEL-TANK,RCEP,MAP-MY-RCEP-2026-VEHICLE-FUEL-TANK-8708992100,1,870899,8708992100,- - - - - Fuel tanks,0.27300000,0.1,CANDIDATE,2026-01-01,,SRC-MY-JKDM-RCEP-870899-RATE2026-P1-60,PORTAL_QUERY,POST hsType=RCEP; hsCriteria=1; hsKeyword=870899; find_item=yes
CCU-VEHICLE-FUEL-TANK,RCEP,MAP-MY-RCEP-2026-VEHICLE-FUEL-TANK-8708999100,1,870899,8708999100,- - - - Unassembled fuel tanks; engine brackets,0.27300000,0.1,CANDIDATE,2026-01-01,,SRC-MY-JKDM-RCEP-870899-RATE2026-P1-60,PORTAL_QUERY,POST hsType=RCEP; hsCriteria=1; hsKeyword=870899; find_item=yes
CCU-VEHICLE-GEARBOX-TRANSMISSION,ACFTA,MAP-MY-ACFTA-2026-VEHICLE-GEARBOX-TRANSMISSION-8708401100,1,870840,8708401100,- - - For vehicles of heading 87.03,0E-8,0.1,CANDIDATE,2026-01-01,,SRC-MY-JKDM-ACFTA-870840-RATE2026-P1-60,PORTAL_QUERY,POST hsType=ACFTA; hsCriteria=1; hsKeyword=870840; find_item=yes
CCU-VEHICLE-GEARBOX-TRANSMISSION,ACFTA,MAP-MY-ACFTA-2026-VEHICLE-GEARBOX-TRANSMISSION-8708402600,1,870840,8708402600,- - - For vehicles of heading 87.03,0E-8,0.1,CANDIDATE,2026-01-01,,SRC-MY-JKDM-ACFTA-870840-RATE2026-P1-60,PORTAL_QUERY,POST hsType=ACFTA; hsCriteria=1; hsKeyword=870840; find_item=yes
CCU-VEHICLE-GEARBOX-TRANSMISSION,ACFTA,MAP-MY-ACFTA-2026-VEHICLE-GEARBOX-TRANSMISSION-8708409200,1,870840,8708409200,- - - For vehicles of heading 87.03,0E-8,0.1,CANDIDATE,2026-01-01,,SRC-MY-JKDM-ACFTA-870840-RATE2026-P1-60,PORTAL_QUERY,POST hsType=ACFTA; hsCriteria=1; hsKeyword=870840; find_item=yes
CCU-VEHICLE-GEARBOX-TRANSMISSION,MFN,MAP-MY-PDK2025-MFN-VEHICLE-GEARBOX-TRANSMISSION-8708401100,1,870840,8708401100,- - - For vehicles of heading 87.03,0.25000000,0.1,CANDIDATE,2025-11-01,,SRC-MY-JKDM-PDK2025-870840-P1-60-20260729,PORTAL_QUERY,POST hsType=PDK; hsCriteria=1; hsKeyword=870840; find_item=yes
CCU-VEHICLE-GEARBOX-TRANSMISSION,MFN,MAP-MY-PDK2025-MFN-VEHICLE-GEARBOX-TRANSMISSION-8708402600,1,870840,8708402600,- - - For vehicles of heading 87.03,0.25000000,0.1,CANDIDATE,2025-11-01,,SRC-MY-JKDM-PDK2025-870840-P1-60-20260729,PORTAL_QUERY,POST hsType=PDK; hsCriteria=1; hsKeyword=870840; find_item=yes
CCU-VEHICLE-GEARBOX-TRANSMISSION,MFN,MAP-MY-PDK2025-MFN-VEHICLE-GEARBOX-TRANSMISSION-8708409200,1,870840,8708409200,- - - For vehicles of heading 87.03,0.25000000,0.1,CANDIDATE,2025-11-01,,SRC-MY-JKDM-PDK2025-870840-P1-60-20260729,PORTAL_QUERY,POST hsType=PDK; hsCriteria=1; hsKeyword=870840; find_item=yes
CCU-VEHICLE-GEARBOX-TRANSMISSION,RCEP,MAP-MY-RCEP-2026-VEHICLE-GEARBOX-TRANSMISSION-8708401100,1,870840,8708401100,- - - For vehicles of heading 87.03,0.22700000,0.1,CANDIDATE,2026-01-01,,SRC-MY-JKDM-RCEP-870840-RATE2026-P1-60,PORTAL_QUERY,POST hsType=RCEP; hsCriteria=1; hsKeyword=870840; find_item=yes
CCU-VEHICLE-GEARBOX-TRANSMISSION,RCEP,MAP-MY-RCEP-2026-VEHICLE-GEARBOX-TRANSMISSION-8708402600,1,870840,8708402600,- - - For vehicles of heading 87.03,0.22700000,0.1,CANDIDATE,2026-01-01,,SRC-MY-JKDM-RCEP-870840-RATE2026-P1-60,PORTAL_QUERY,POST hsType=RCEP; hsCriteria=1; hsKeyword=870840; find_item=yes
CCU-VEHICLE-GEARBOX-TRANSMISSION,RCEP,MAP-MY-RCEP-2026-VEHICLE-GEARBOX-TRANSMISSION-8708409200,1,870840,8708409200,- - - For vehicles of heading 87.03,0.22700000,0.1,CANDIDATE,2026-01-01,,SRC-MY-JKDM-RCEP-870840-RATE2026-P1-60,PORTAL_QUERY,POST hsType=RCEP; hsCriteria=1; hsKeyword=870840; find_item=yes
CCU-VEHICLE-HOOD-BONNET,ACFTA,MAP-MY-ACFTA-2026-VEHICLE-HOOD-BONNET-8708291600,1,870829,8708291600,"- - - - Other, for vehicles of heading 87.03",0E-8,0.1,CANDIDATE,2026-01-01,,SRC-MY-JKDM-ACFTA-870829-RATE2026-P1-60,PORTAL_QUERY,POST hsType=ACFTA; hsCriteria=1; hsKeyword=870829; find_item=yes
CCU-VEHICLE-HOOD-BONNET,ACFTA,MAP-MY-ACFTA-2026-VEHICLE-HOOD-BONNET-8708299500,1,870829,8708299500,- - - - - Other,0E-8,0.1,CANDIDATE,2026-01-01,,SRC-MY-JKDM-ACFTA-870829-RATE2026-P1-60,PORTAL_QUERY,POST hsType=ACFTA; hsCriteria=1; hsKeyword=870829; find_item=yes
CCU-VEHICLE-HOOD-BONNET,ACFTA,MAP-MY-ACFTA-2026-VEHICLE-HOOD-BONNET-8708299800,1,870829,8708299800,- - - - - Other,0E-8,0.1,CANDIDATE,2026-01-01,,SRC-MY-JKDM-ACFTA-870829-RATE2026-P1-60,PORTAL_QUERY,POST hsType=ACFTA; hsCriteria=1; hsKeyword=870829; find_item=yes
CCU-VEHICLE-HOOD-BONNET,MFN,MAP-MY-PDK2025-MFN-VEHICLE-HOOD-BONNET-8708291600,1,870829,8708291600,"- - - - Other, for vehicles of heading 87.03",0.25000000,0.1,CANDIDATE,2025-11-01,,SRC-MY-JKDM-PDK2025-870829-P1-60-20260729,PORTAL_QUERY,POST hsType=PDK; hsCriteria=1; hsKeyword=870829; find_item=yes
CCU-VEHICLE-HOOD-BONNET,MFN,MAP-MY-PDK2025-MFN-VEHICLE-HOOD-BONNET-8708299500,1,870829,8708299500,- - - - - Other,0.25000000,0.1,CANDIDATE,2025-11-01,,SRC-MY-JKDM-PDK2025-870829-P1-60-20260729,PORTAL_QUERY,POST hsType=PDK; hsCriteria=1; hsKeyword=870829; find_item=yes
CCU-VEHICLE-HOOD-BONNET,MFN,MAP-MY-PDK2025-MFN-VEHICLE-HOOD-BONNET-8708299800,1,870829,8708299800,- - - - - Other,0.25000000,0.1,CANDIDATE,2025-11-01,,SRC-MY-JKDM-PDK2025-870829-P1-60-20260729,PORTAL_QUERY,POST hsType=PDK; hsCriteria=1; hsKeyword=870829; find_item=yes
CCU-VEHICLE-HOOD-BONNET,RCEP,MAP-MY-RCEP-2026-VEHICLE-HOOD-BONNET-8708291600,1,870829,8708291600,"- - - - Other, for vehicles of heading 87.03",0.22700000,0.1,CANDIDATE,2026-01-01,,SRC-MY-JKDM-RCEP-870829-RATE2026-P1-60,PORTAL_QUERY,POST hsType=RCEP; hsCriteria=1; hsKeyword=870829; find_item=yes
CCU-VEHICLE-HOOD-BONNET,RCEP,MAP-MY-RCEP-2026-VEHICLE-HOOD-BONNET-8708299500,1,870829,8708299500,- - - - - Other,0.22700000,0.1,CANDIDATE,2026-01-01,,SRC-MY-JKDM-RCEP-870829-RATE2026-P1-60,PORTAL_QUERY,POST hsType=RCEP; hsCriteria=1; hsKeyword=870829; find_item=yes
CCU-VEHICLE-HOOD-BONNET,RCEP,MAP-MY-RCEP-2026-VEHICLE-HOOD-BONNET-8708299800,1,870829,8708299800,- - - - - Other,0.22700000,0.1,CANDIDATE,2026-01-01,,SRC-MY-JKDM-RCEP-870829-RATE2026-P1-60,PORTAL_QUERY,POST hsType=RCEP; hsCriteria=1; hsKeyword=870829; find_item=yes
CCU-VEHICLE-HORN,ACFTA,MAP-MY-ACFTA-2026-VEHICLE-HORN-8512301000,1,851230,8512301000,"- - Horns and sirens, assembled",0E-8,0.1,CANDIDATE,2026-01-01,,SRC-MY-JKDM-ACFTA-851230-RATE2026-P1-60,PORTAL_QUERY,POST hsType=ACFTA; hsCriteria=1; hsKeyword=851230; find_item=yes
CCU-VEHICLE-HORN,ACFTA,MAP-MY-ACFTA-2026-VEHICLE-HORN-8512302000,1,851230,8512302000,- - Unassembled sound signalling equipment,0E-8,0.1,CANDIDATE,2026-01-01,,SRC-MY-JKDM-ACFTA-851230-RATE2026-P1-60,PORTAL_QUERY,POST hsType=ACFTA; hsCriteria=1; hsKeyword=851230; find_item=yes
CCU-VEHICLE-HORN,MFN,MAP-MY-PDK2025-MFN-VEHICLE-HORN-8512301000,1,851230,8512301000,"- - Horns and sirens, assembled",0E-8,0.1,CANDIDATE,2025-11-01,,SRC-MY-JKDM-PDK2025-851230-P1-60-20260729,PORTAL_QUERY,POST hsType=PDK; hsCriteria=1; hsKeyword=851230; find_item=yes
CCU-VEHICLE-HORN,MFN,MAP-MY-PDK2025-MFN-VEHICLE-HORN-8512302000,1,851230,8512302000,- - Unassembled sound signalling equipment,0E-8,0.1,CANDIDATE,2025-11-01,,SRC-MY-JKDM-PDK2025-851230-P1-60-20260729,PORTAL_QUERY,POST hsType=PDK; hsCriteria=1; hsKeyword=851230; find_item=yes
CCU-VEHICLE-HORN,RCEP,MAP-MY-RCEP-2026-VEHICLE-HORN-8512301000,1,851230,8512301000,"- - Horns and sirens, assembled",0E-8,0.1,CANDIDATE,2026-01-01,,SRC-MY-JKDM-RCEP-851230-RATE2026-P1-60,PORTAL_QUERY,POST hsType=RCEP; hsCriteria=1; hsKeyword=851230; find_item=yes
CCU-VEHICLE-HORN,RCEP,MAP-MY-RCEP-2026-VEHICLE-HORN-8512302000,1,851230,8512302000,- - Unassembled sound signalling equipment,0E-8,0.1,CANDIDATE,2026-01-01,,SRC-MY-JKDM-RCEP-851230-RATE2026-P1-60,PORTAL_QUERY,POST hsType=RCEP; hsCriteria=1; hsKeyword=851230; find_item=yes
CCU-VEHICLE-HVAC-UNIT,ACFTA,MAP-MY-ACFTA-2026-VEHICLE-HVAC-UNIT-8415201000,1,841520,8415201000,- - Of a cooling capacity not exceeding 26.38 kW,0E-8,0.1,CANDIDATE,2026-01-01,,SRC-MY-JKDM-ACFTA-841520-RATE2026-P1-60,PORTAL_QUERY,POST hsType=ACFTA; hsCriteria=1; hsKeyword=841520; find_item=yes
CCU-VEHICLE-HVAC-UNIT,ACFTA,MAP-MY-ACFTA-2026-VEHICLE-HVAC-UNIT-8415209000,1,841520,8415209000,- - Other,0E-8,0.1,CANDIDATE,2026-01-01,,SRC-MY-JKDM-ACFTA-841520-RATE2026-P1-60,PORTAL_QUERY,POST hsType=ACFTA; hsCriteria=1; hsKeyword=841520; find_item=yes
CCU-VEHICLE-HVAC-UNIT,MFN,MAP-MY-PDK2025-MFN-VEHICLE-HVAC-UNIT-8415201000,1,841520,8415201000,- - Of a cooling capacity not exceeding 26.38 kW,0.30000000,0.1,CANDIDATE,2025-11-01,,SRC-MY-JKDM-PDK2025-841520-P1-60-20260729,PORTAL_QUERY,POST hsType=PDK; hsCriteria=1; hsKeyword=841520; find_item=yes
CCU-VEHICLE-HVAC-UNIT,MFN,MAP-MY-PDK2025-MFN-VEHICLE-HVAC-UNIT-8415209000,1,841520,8415209000,- - Other,0.30000000,0.1,CANDIDATE,2025-11-01,,SRC-MY-JKDM-PDK2025-841520-P1-60-20260729,PORTAL_QUERY,POST hsType=PDK; hsCriteria=1; hsKeyword=841520; find_item=yes
CCU-VEHICLE-HVAC-UNIT,RCEP,MAP-MY-RCEP-2026-VEHICLE-HVAC-UNIT-8415201000,1,841520,8415201000,- - Of a cooling capacity not exceeding 26.38 kW,0.15000000,0.1,CANDIDATE,2026-01-01,,SRC-MY-JKDM-RCEP-841520-RATE2026-P1-60,PORTAL_QUERY,POST hsType=RCEP; hsCriteria=1; hsKeyword=841520; find_item=yes
CCU-VEHICLE-HVAC-UNIT,RCEP,MAP-MY-RCEP-2026-VEHICLE-HVAC-UNIT-8415209000,1,841520,8415209000,- - Other,0.15000000,0.1,CANDIDATE,2026-01-01,,SRC-MY-JKDM-RCEP-841520-RATE2026-P1-60,PORTAL_QUERY,POST hsType=RCEP; hsCriteria=1; hsKeyword=841520; find_item=yes
CCU-VEHICLE-INFOTAINMENT-HEAD-UNIT,ACFTA,MAP-MY-ACFTA-2026-VEHICLE-INFOTAINMENT-HEAD-UNIT-8527211000,1,852721,8527211000,- - - Capable of receiving and decoding digital radio data system signals,0E-8,0.1,CANDIDATE,2026-01-01,,SRC-MY-JKDM-ACFTA-852721-RATE2026-P1-60,PORTAL_QUERY,POST hsType=ACFTA; hsCriteria=1; hsKeyword=852721; find_item=yes
CCU-VEHICLE-INFOTAINMENT-HEAD-UNIT,ACFTA,MAP-MY-ACFTA-2026-VEHICLE-INFOTAINMENT-HEAD-UNIT-8527219000,1,852721,8527219000,- - - Other,0E-8,0.1,CANDIDATE,2026-01-01,,SRC-MY-JKDM-ACFTA-852721-RATE2026-P1-60,PORTAL_QUERY,POST hsType=ACFTA; hsCriteria=1; hsKeyword=852721; find_item=yes
CCU-VEHICLE-INFOTAINMENT-HEAD-UNIT,MFN,MAP-MY-PDK2025-MFN-VEHICLE-INFOTAINMENT-HEAD-UNIT-8527211000,1,852721,8527211000,- - - Capable of receiving and decoding digital radio data system signals,0E-8,0.1,CANDIDATE,2025-11-01,,SRC-MY-JKDM-PDK2025-852721-P1-60-20260729,PORTAL_QUERY,POST hsType=PDK; hsCriteria=1; hsKeyword=852721; find_item=yes
CCU-VEHICLE-INFOTAINMENT-HEAD-UNIT,MFN,MAP-MY-PDK2025-MFN-VEHICLE-INFOTAINMENT-HEAD-UNIT-8527219000,1,852721,8527219000,- - - Other,0.20000000,0.1,CANDIDATE,2025-11-01,,SRC-MY-JKDM-PDK2025-852721-P1-60-20260729,PORTAL_QUERY,POST hsType=PDK; hsCriteria=1; hsKeyword=852721; find_item=yes
CCU-VEHICLE-INFOTAINMENT-HEAD-UNIT,RCEP,MAP-MY-RCEP-2026-VEHICLE-INFOTAINMENT-HEAD-UNIT-8527210010,1,852721,8527210010,- - - Capable of receiving and decoding digital ra,0.10000000,0.1,CANDIDATE,2026-01-01,,SRC-MY-JKDM-RCEP-852721-RATE2026-P1-60,PORTAL_QUERY,POST hsType=RCEP; hsCriteria=1; hsKeyword=852721; find_item=yes
CCU-VEHICLE-INFOTAINMENT-HEAD-UNIT,RCEP,MAP-MY-RCEP-2026-VEHICLE-INFOTAINMENT-HEAD-UNIT-8527210090,1,852721,8527210090,- - - Other,0.10000000,0.1,CANDIDATE,2026-01-01,,SRC-MY-JKDM-RCEP-852721-RATE2026-P1-60,PORTAL_QUERY,POST hsType=RCEP; hsCriteria=1; hsKeyword=852721; find_item=yes
CCU-VEHICLE-LIGHTING-SIGNALLING,ACFTA,MAP-MY-ACFTA-2026-VEHICLE-LIGHTING-SIGNALLING-8512202000,1,851220,8512202000,- - Unassembled lighting or visual signalling equipment,0E-8,0.1,CANDIDATE,2026-01-01,,SRC-MY-JKDM-ACFTA-851220-RATE2026-P1-60,PORTAL_QUERY,POST hsType=ACFTA; hsCriteria=1; hsKeyword=851220; find_item=yes
CCU-VEHICLE-LIGHTING-SIGNALLING,ACFTA,MAP-MY-ACFTA-2026-VEHICLE-LIGHTING-SIGNALLING-8512209900,1,851220,8512209900,- - - Other,0E-8,0.1,CANDIDATE,2026-01-01,,SRC-MY-JKDM-ACFTA-851220-RATE2026-P1-60,PORTAL_QUERY,POST hsType=ACFTA; hsCriteria=1; hsKeyword=851220; find_item=yes
CCU-VEHICLE-LIGHTING-SIGNALLING,MFN,MAP-MY-PDK2025-MFN-8512202000,1,851220,8512202000,Unassembled lighting or visual signalling equipment,0E-8,0.1,CANDIDATE,2025-11-01,,SRC-MY-JKDM-PDK2025-851220-20260729,PORTAL_QUERY,POST hsType=PDK; hsCriteria=1; hsKeyword=851220; find_item=yes
CCU-VEHICLE-LIGHTING-SIGNALLING,MFN,MAP-MY-PDK2025-MFN-8512209900,1,851220,8512209900,Other lighting or visual signalling equipment,0E-8,0.1,CANDIDATE,2025-11-01,,SRC-MY-JKDM-PDK2025-851220-20260729,PORTAL_QUERY,POST hsType=PDK; hsCriteria=1; hsKeyword=851220; find_item=yes
CCU-VEHICLE-LIGHTING-SIGNALLING,RCEP,MAP-MY-RCEP-2026-VEHICLE-LIGHTING-SIGNALLING-8512202000,1,851220,8512202000,- - Unassembled lighting or visual signalling equi,0E-8,0.1,CANDIDATE,2026-01-01,,SRC-MY-JKDM-RCEP-851220-RATE2026-P1-60,PORTAL_QUERY,POST hsType=RCEP; hsCriteria=1; hsKeyword=851220; find_item=yes
CCU-VEHICLE-LIGHTING-SIGNALLING,RCEP,MAP-MY-RCEP-2026-VEHICLE-LIGHTING-SIGNALLING-8512209900,1,851220,8512209900,- - - Other,0E-8,0.1,CANDIDATE,2026-01-01,,SRC-MY-JKDM-RCEP-851220-RATE2026-P1-60,PORTAL_QUERY,POST hsType=RCEP; hsCriteria=1; hsKeyword=851220; find_item=yes
CCU-VEHICLE-LOUDSPEAKER,ACFTA,MAP-MY-ACFTA-2026-VEHICLE-LOUDSPEAKER-8518299000,1,851829,8518299000,- - - Other,0E-8,0.1,VERIFIED,2026-01-01,,SRC-MY-JKDM-ACFTA-851829-RATE2026-P1-60,PORTAL_QUERY,POST hsType=ACFTA; hsCriteria=1; hsKeyword=851829; find_item=yes
CCU-VEHICLE-LOUDSPEAKER,MFN,MAP-MY-PDK2025-MFN-VEHICLE-LOUDSPEAKER-8518299000,1,851829,8518299000,- - - Other,0E-8,0.1,VERIFIED,2025-11-01,,SRC-MY-JKDM-PDK2025-851829-P1-60-20260729,PORTAL_QUERY,POST hsType=PDK; hsCriteria=1; hsKeyword=851829; find_item=yes
CCU-VEHICLE-LOUDSPEAKER,RCEP,MAP-MY-RCEP-2026-VEHICLE-LOUDSPEAKER-8518299000,1,851829,8518299000,- - - Other,0E-8,0.1,VERIFIED,2026-01-01,,SRC-MY-JKDM-RCEP-851829-RATE2026-P1-60,PORTAL_QUERY,POST hsType=RCEP; hsCriteria=1; hsKeyword=851829; find_item=yes
CCU-VEHICLE-RADIATOR,ACFTA,MAP-MY-ACFTA-2026-VEHICLE-RADIATOR-8708911600,1,870891,8708911600,- - - - For vehicles of heading 87.03,0E-8,0.1,CANDIDATE,2026-01-01,,SRC-MY-JKDM-ACFTA-870891-RATE2026-P1-60,PORTAL_QUERY,POST hsType=ACFTA; hsCriteria=1; hsKeyword=870891; find_item=yes
CCU-VEHICLE-RADIATOR,ACFTA,MAP-MY-ACFTA-2026-VEHICLE-RADIATOR-8708919500,1,870891,8708919500,"- - - - Other, for vehicles of heading 87.03",0E-8,0.1,CANDIDATE,2026-01-01,,SRC-MY-JKDM-ACFTA-870891-RATE2026-P1-60,PORTAL_QUERY,POST hsType=ACFTA; hsCriteria=1; hsKeyword=870891; find_item=yes
CCU-VEHICLE-RADIATOR,MFN,MAP-MY-PDK2025-MFN-8708911600,1,870891,8708911600,Radiators for vehicles of heading 87.03,0.25000000,0.1,CANDIDATE,2025-11-01,,SRC-MY-JKDM-PDK2025-870891-20260729,PORTAL_QUERY,POST hsType=PDK; hsCriteria=1; hsKeyword=870891; find_item=yes
CCU-VEHICLE-RADIATOR,MFN,MAP-MY-PDK2025-MFN-8708919500,1,870891,8708919500,Other radiator parts for vehicles of heading 87.03,0.25000000,0.1,CANDIDATE,2025-11-01,,SRC-MY-JKDM-PDK2025-870891-20260729,PORTAL_QUERY,POST hsType=PDK; hsCriteria=1; hsKeyword=870891; find_item=yes
CCU-VEHICLE-RADIATOR,RCEP,MAP-MY-RCEP-2026-VEHICLE-RADIATOR-8708911600,1,870891,8708911600,- - - - For vehicles of heading 87.03,0.22700000,0.1,CANDIDATE,2026-01-01,,SRC-MY-JKDM-RCEP-870891-RATE2026-P1-60,PORTAL_QUERY,POST hsType=RCEP; hsCriteria=1; hsKeyword=870891; find_item=yes
CCU-VEHICLE-RADIATOR,RCEP,MAP-MY-RCEP-2026-VEHICLE-RADIATOR-8708919500,1,870891,8708919500,"- - - - Other, for vehicles of heading 87.03",0.22700000,0.1,CANDIDATE,2026-01-01,,SRC-MY-JKDM-RCEP-870891-RATE2026-P1-60,PORTAL_QUERY,POST hsType=RCEP; hsCriteria=1; hsKeyword=870891; find_item=yes
CCU-VEHICLE-WIRING-HARNESS,ACFTA,MAP-MY-ACFTA-2026-VEHICLE-WIRING-HARNESS-8544301200,1,854430,8544301200,"- - - - Of a kind used for vehicles of heading 87.02, 87.03, 87.04 or 87.11",0E-8,0.1,CANDIDATE,2026-01-01,,SRC-MY-JKDM-ACFTA-854430-RATE2026-P1-60,PORTAL_QUERY,POST hsType=ACFTA; hsCriteria=1; hsKeyword=854430; find_item=yes
CCU-VEHICLE-WIRING-HARNESS,ACFTA,MAP-MY-ACFTA-2026-VEHICLE-WIRING-HARNESS-8544301400,1,854430,8544301400,"- - - - Of a kind used for vehicles of heading 87.02, 87.03, 87.04 or 87.11",0E-8,0.1,CANDIDATE,2026-01-01,,SRC-MY-JKDM-ACFTA-854430-RATE2026-P1-60,PORTAL_QUERY,POST hsType=ACFTA; hsCriteria=1; hsKeyword=854430; find_item=yes
CCU-VEHICLE-WIRING-HARNESS,MFN,MAP-MY-PDK2025-MFN-8544301200,1,854430,8544301200,"Of a kind used for vehicles of heading 87.02, 87.03, 87.04 or 87.11",0.30000000,0.1,CANDIDATE,2025-11-01,,SRC-MY-JKDM-PDK2025-854430-20260729,PORTAL_QUERY,POST hsType=PDK; hsCriteria=1; hsKeyword=854430; find_item=yes
CCU-VEHICLE-WIRING-HARNESS,MFN,MAP-MY-PDK2025-MFN-8544301400,1,854430,8544301400,"Of a kind used for vehicles of heading 87.02, 87.03, 87.04 or 87.11",0.05000000,0.1,CANDIDATE,2025-11-01,,SRC-MY-JKDM-PDK2025-854430-20260729,PORTAL_QUERY,POST hsType=PDK; hsCriteria=1; hsKeyword=854430; find_item=yes
CCU-VEHICLE-WIRING-HARNESS,RCEP,MAP-MY-RCEP-2026-VEHICLE-WIRING-HARNESS-8544301200,1,854430,8544301200,- - - - Of a kind use for vehicles of heading 87.0,0.30000000,0.1,CANDIDATE,2026-01-01,,SRC-MY-JKDM-RCEP-854430-RATE2026-P1-60,PORTAL_QUERY,POST hsType=RCEP; hsCriteria=1; hsKeyword=854430; find_item=yes
CCU-VEHICLE-WIRING-HARNESS,RCEP,MAP-MY-RCEP-2026-VEHICLE-WIRING-HARNESS-8544301400,1,854430,8544301400,- - - - Of a kind used for vehicles of heading 87.,0.03600000,0.1,CANDIDATE,2026-01-01,,SRC-MY-JKDM-RCEP-854430-RATE2026-P1-60,PORTAL_QUERY,POST hsType=RCEP; hsCriteria=1; hsKeyword=854430; find_item=yes
CCU-WINDSCREEN-WIPER,ACFTA,MAP-MY-ACFTA-2026-WINDSCREEN-WIPER-8512400000,1,851240,8512400000,"- Windscreen wipers, defrosters and demisters",0E-8,0.1,VERIFIED,2026-01-01,,SRC-MY-JKDM-ACFTA-851240-RATE2026-P1-60,PORTAL_QUERY,POST hsType=ACFTA; hsCriteria=1; hsKeyword=851240; find_item=yes
CCU-WINDSCREEN-WIPER,MFN,MAP-MY-PDK2025-MFN-WINDSCREEN-WIPER-8512400000,1,851240,8512400000,"- Windscreen wipers, defrosters and demisters",0E-8,0.1,VERIFIED,2025-11-01,,SRC-MY-JKDM-PDK2025-851240-P1-60-20260729,PORTAL_QUERY,POST hsType=PDK; hsCriteria=1; hsKeyword=851240; find_item=yes
CCU-WINDSCREEN-WIPER,RCEP,MAP-MY-RCEP-2026-WINDSCREEN-WIPER-8512400000,1,851240,8512400000,"- Windscreen wipers, defrosters and demisters",0E-8,0.1,VERIFIED,2026-01-01,,SRC-MY-JKDM-RCEP-851240-RATE2026-P1-60,PORTAL_QUERY,POST hsType=RCEP; hsCriteria=1; hsKeyword=851240; find_item=yes
